productCode,productName,priceEach,Total_Quantity,Total_Revenue
S10_1949,"1952 Alpine Renault 1300",214.30,103,22072.90
S10_1949,"1952 Alpine Renault 1300",212.16,21,4455.36
S10_1949,"1952 Alpine Renault 1300",210.01,37,7770.37
S10_1949,"1952 Alpine Renault 1300",207.87,34,7067.58
S12_1108,"2001 Ferrari Enzo",207.80,48,9974.40
S10_1949,"1952 Alpine Renault 1300",205.73,130,26744.90
S12_1108,"2001 Ferrari Enzo",205.72,74,15223.28
S12_1108,"2001 Ferrari Enzo",203.64,47,9571.08
S10_1949,"1952 Alpine Renault 1300",203.59,89,18119.51
S12_1108,"2001 Ferrari Enzo",201.57,56,11287.92
S10_1949,"1952 Alpine Renault 1300",201.44,97,19539.68
S10_1949,"1952 Alpine Renault 1300",199.30,32,6377.60
S10_1949,"1952 Alpine Renault 1300",197.16,29,5717.64
S12_1108,"2001 Ferrari Enzo",195.33,98,19142.34
S10_1949,"1952 Alpine Renault 1300",195.01,99,19305.99
S10_4698,"2003 Harley-Davidson Eagle Drag Bike",193.66,41,7940.06
S12_1108,"2001 Ferrari Enzo",193.25,130,25122.50
S12_1099,"1968 Ford Mustang",192.62,45,8667.90
S10_4698,"2003 Harley-Davidson Eagle Drag Bike",191.72,49,9394.28
S12_1099,"1968 Ford Mustang",190.68,21,4004.28
S10_4698,"2003 Harley-Davidson Eagle Drag Bike",189.79,120,22774.80
S12_1108,"2001 Ferrari Enzo",189.10,32,6051.20
S12_1099,"1968 Ford Mustang",188.73,85,16042.05
S10_1949,"1952 Alpine Renault 1300",188.58,56,10560.48
S10_4698,"2003 Harley-Davidson Eagle Drag Bike",187.85,51,9580.35
S12_1108,"2001 Ferrari Enzo",187.02,81,15148.62
S10_1949,"1952 Alpine Renault 1300",186.44,37,6898.28
S12_1099,"1968 Ford Mustang",184.84,159,29389.56
S12_1099,"1968 Ford Mustang",182.90,79,14449.10
S12_1108,"2001 Ferrari Enzo",182.86,31,5668.66
S10_1949,"1952 Alpine Renault 1300",182.16,81,14754.96
S10_4698,"2003 Harley-Davidson Eagle Drag Bike",182.04,67,12196.68
S12_1099,"1968 Ford Mustang",180.95,33,5971.35
S12_1108,"2001 Ferrari Enzo",180.79,88,15909.52
S10_1949,"1952 Alpine Renault 1300",180.01,63,11340.63
S12_1108,"2001 Ferrari Enzo",178.71,32,5718.72
S10_4698,"2003 Harley-Davidson Eagle Drag Bike",178.17,81,14431.77
S10_1949,"1952 Alpine Renault 1300",177.87,32,5691.84
S12_1108,"2001 Ferrari Enzo",176.63,158,27907.54
S10_4698,"2003 Harley-Davidson Eagle Drag Bike",174.29,66,11503.14
S12_1099,"1968 Ford Mustang",173.17,42,7273.14
S12_3891,"1969 Ford Falcon",173.02,61,10554.22
S10_4698,"2003 Harley-Davidson Eagle Drag Bike",172.36,70,12065.20
S10_1949,"1952 Alpine Renault 1300",171.44,21,3600.24
S12_3891,"1969 Ford Falcon",171.29,45,7708.05
S12_1099,"1968 Ford Mustang",171.22,41,7020.02
S10_4698,"2003 Harley-Davidson Eagle Drag Bike",170.42,22,3749.24
S12_3891,"1969 Ford Falcon",169.56,146,24755.76
S18_3232,"1992 Ferrari 360 Spider red",169.34,136,23030.24
S12_1108,"2001 Ferrari Enzo",168.32,44,7406.08
S18_1749,"1917 Grand Touring Sedan",168.30,101,16998.30
S12_3891,"1969 Ford Falcon",167.83,73,12251.59
S18_3232,"1992 Ferrari 360 Spider red",167.65,120,20118.00
S18_2795,"1928 Mercedes-Benz SSK",167.06,134,22386.04
S18_1749,"1917 Grand Touring Sedan",166.60,73,12161.80
S10_4698,"2003 Harley-Davidson Eagle Drag Bike",166.55,27,4496.85
S12_1108,"2001 Ferrari Enzo",166.24,100,16624.00
S12_3891,"1969 Ford Falcon",166.10,77,12789.70
S18_3232,"1992 Ferrari 360 Spider red",165.95,125,20743.75
S12_1099,"1968 Ford Mustang",165.38,66,10915.08
S18_1749,"1917 Grand Touring Sedan",164.90,34,5606.60
S10_4698,"2003 Harley-Davidson Eagle Drag Bike",164.61,96,15802.56
S18_3232,"1992 Ferrari 360 Spider red",164.26,81,13305.06
S18_2795,"1928 Mercedes-Benz SSK",163.69,31,5074.39
S12_1099,"1968 Ford Mustang",163.44,94,15363.36
S10_4698,"2003 Harley-Davidson Eagle Drag Bike",162.67,56,9109.52
S12_3891,"1969 Ford Falcon",162.64,49,7969.36
S18_3232,"1992 Ferrari 360 Spider red",162.57,43,6990.51
S18_2795,"1928 Mercedes-Benz SSK",162.00,26,4212.00
S18_1749,"1917 Grand Touring Sedan",161.50,26,4199.00
S12_1099,"1968 Ford Mustang",161.49,96,15503.04
S12_3891,"1969 Ford Falcon",160.91,50,8045.50
S18_3232,"1992 Ferrari 360 Spider red",160.87,83,13352.21
S10_4698,"2003 Harley-Davidson Eagle Drag Bike",160.74,20,3214.80
S18_2238,"1998 Chrysler Plymouth Prowler",160.46,89,14280.94
S18_1749,"1917 Grand Touring Sedan",159.80,44,7031.20
S18_3232,"1992 Ferrari 360 Spider red",159.18,48,7640.64
S10_4698,"2003 Harley-Davidson Eagle Drag Bike",158.80,107,16991.60
S18_2795,"1928 Mercedes-Benz SSK",158.63,88,13959.44
S18_1662,"1980s Black Hawk Helicopter",157.69,49,7726.81
S12_1099,"1968 Ford Mustang",157.60,82,12923.20
S18_3232,"1992 Ferrari 360 Spider red",157.49,130,20473.70
S18_2795,"1928 Mercedes-Benz SSK",156.94,69,10828.86
S10_4698,"2003 Harley-Davidson Eagle Drag Bike",156.86,43,6744.98
S18_1749,"1917 Grand Touring Sedan",156.40,73,11417.20
S18_3232,"1992 Ferrari 360 Spider red",155.79,87,13553.73
S12_3891,"1969 Ford Falcon",155.72,82,12769.04
S12_1099,"1968 Ford Mustang",155.66,90,14009.40
S10_4698,"2003 Harley-Davidson Eagle Drag Bike",154.93,69,10690.17
S18_1749,"1917 Grand Touring Sedan",154.70,44,6806.80
S18_1662,"1980s Black Hawk Helicopter",154.54,25,3863.50
S18_3232,"1992 Ferrari 360 Spider red",154.10,81,12482.10
S18_2238,"1998 Chrysler Plymouth Prowler",153.91,98,15083.18
S18_1749,"1917 Grand Touring Sedan",153.00,195,29835.00
S18_3232,"1992 Ferrari 360 Spider red",152.41,61,9297.01
S18_2238,"1998 Chrysler Plymouth Prowler",152.27,43,6547.61
S12_3891,"1969 Ford Falcon",152.26,47,7156.22
S18_2795,"1928 Mercedes-Benz SSK",151.88,41,6227.08
S18_1662,"1980s Black Hawk Helicopter",151.38,43,6509.34
S12_3148,"1969 Corvair Monza",151.08,54,8158.32
S18_3232,"1992 Ferrari 360 Spider red",150.71,79,11906.09
S18_2238,"1998 Chrysler Plymouth Prowler",150.63,41,6175.83
S12_2823,"2002 Suzuki XREO",150.62,92,13857.04
S18_2795,"1928 Mercedes-Benz SSK",150.19,25,3754.75
S18_1662,"1980s Black Hawk Helicopter",149.81,42,6292.02
S18_1749,"1917 Grand Touring Sedan",149.60,33,4936.80
S18_3232,"1992 Ferrari 360 Spider red",149.02,22,3278.44
S12_3891,"1969 Ford Falcon",148.80,39,5803.20
S18_4721,"1957 Corvette Convertible",148.80,41,6100.80
S18_2795,"1928 Mercedes-Benz SSK",148.50,35,5197.50
S18_1662,"1980s Black Hawk Helicopter",148.23,45,6670.35
S12_3148,"1969 Corvair Monza",148.06,70,10364.20
S10_4962,"1962 LanciaA Delta 16V",147.74,28,4136.72
S18_2238,"1998 Chrysler Plymouth Prowler",147.36,101,14883.36
S18_3232,"1992 Ferrari 360 Spider red",147.33,141,20773.53
S18_4721,"1957 Corvette Convertible",147.31,44,6481.64
S12_3891,"1969 Ford Falcon",147.07,130,19119.10
S18_3482,"1976 Ford Gran Torino",146.99,43,6320.57
S18_2795,"1928 Mercedes-Benz SSK",146.81,29,4257.49
S18_1662,"1980s Black Hawk Helicopter",146.65,86,12611.90
S12_3148,"1969 Corvair Monza",146.55,73,10698.15
S18_1749,"1917 Grand Touring Sedan",146.20,48,7017.60
S12_2823,"2002 Suzuki XREO",146.10,49,7158.90
S18_4721,"1957 Corvette Convertible",145.82,28,4082.96
S18_2238,"1998 Chrysler Plymouth Prowler",145.72,46,6703.12
S18_3232,"1992 Ferrari 360 Spider red",145.63,76,11067.88
S18_3482,"1976 Ford Gran Torino",145.52,41,5966.32
S12_3891,"1969 Ford Falcon",145.34,20,2906.80
S18_2795,"1928 Mercedes-Benz SSK",145.13,56,8127.28
S12_3148,"1969 Corvair Monza",145.04,200,29008.00
S10_4962,"1962 LanciaA Delta 16V",144.79,27,3909.33
S12_2823,"2002 Suzuki XREO",144.60,47,6796.20
S18_1749,"1917 Grand Touring Sedan",144.50,37,5346.50
S18_2238,"1998 Chrysler Plymouth Prowler",144.08,40,5763.20
S18_3482,"1976 Ford Gran Torino",144.05,72,10371.60
S18_3232,"1992 Ferrari 360 Spider red",143.94,130,18712.20
S18_4027,"1970 Triumph Spitfire",143.62,88,12638.56
S12_3891,"1969 Ford Falcon",143.61,34,4882.74
S18_1662,"1980s Black Hawk Helicopter",143.50,67,9614.50
S18_2795,"1928 Mercedes-Benz SSK",143.44,22,3155.68
S10_4962,"1962 LanciaA Delta 16V",143.31,21,3009.51
S18_4721,"1957 Corvette Convertible",142.85,32,4571.20
S18_2238,"1998 Chrysler Plymouth Prowler",142.45,105,14957.25
S18_1984,"1995 Honda Civic",142.25,25,3556.25
S18_4027,"1970 Triumph Spitfire",142.18,42,5971.56
S12_3148,"1969 Corvair Monza",142.02,27,3834.54
S18_1662,"1980s Black Hawk Helicopter",141.92,95,13482.40
S12_3891,"1969 Ford Falcon",141.88,78,11066.64
S10_4962,"1962 LanciaA Delta 16V",141.83,116,16452.28
S18_2795,"1928 Mercedes-Benz SSK",141.75,106,15025.50
S12_2823,"2002 Suzuki XREO",141.58,78,11043.24
S18_1749,"1917 Grand Touring Sedan",141.10,105,14815.50
S18_2238,"1998 Chrysler Plymouth Prowler",140.81,161,22670.41
S18_4027,"1970 Triumph Spitfire",140.75,106,14919.50
S18_3232,"1992 Ferrari 360 Spider red",140.55,73,10260.15
S12_3148,"1969 Corvair Monza",140.50,134,18827.00
S24_3856,"1956 Porsche 356A Coupe",140.43,47,6600.21
S18_1662,"1980s Black Hawk Helicopter",140.34,27,3789.18
S12_3891,"1969 Ford Falcon",140.15,34,4765.10
S18_1129,"1993 Mazda RX-7",140.12,22,3082.64
S18_2795,"1928 Mercedes-Benz SSK",140.06,54,7563.24
S18_3685,"1948 Porsche Type 356 Roadster",139.87,106,14826.22
S18_4721,"1957 Corvette Convertible",139.87,44,6154.28
S18_3482,"1976 Ford Gran Torino",139.64,124,17315.36
S18_1984,"1995 Honda Civic",139.41,97,13522.77
S18_2238,"1998 Chrysler Plymouth Prowler",139.17,47,6540.99
S24_3856,"1956 Porsche 356A Coupe",139.03,113,15710.39
S10_4962,"1962 LanciaA Delta 16V",138.88,87,12082.56
S18_1662,"1980s Black Hawk Helicopter",138.77,38,5273.26
S12_2823,"2002 Suzuki XREO",138.57,28,3879.96
S18_3685,"1948 Porsche Type 356 Roadster",138.45,28,3876.60
S18_2795,"1928 Mercedes-Benz SSK",138.38,98,13561.24
S18_3482,"1976 Ford Gran Torino",138.17,28,3868.76
S18_1984,"1995 Honda Civic",137.98,38,5243.24
S18_4027,"1970 Triumph Spitfire",137.88,61,8410.68
S18_1749,"1917 Grand Touring Sedan",137.70,49,6747.30
S24_3856,"1956 Porsche 356A Coupe",137.62,94,12936.28
S18_2238,"1998 Chrysler Plymouth Prowler",137.53,20,2750.60
S18_1662,"1980s Black Hawk Helicopter",137.19,167,22910.73
S18_3232,"1992 Ferrari 360 Spider red",137.17,175,24004.75
S18_3685,"1948 Porsche Type 356 Roadster",137.04,78,10689.12
S18_4721,"1957 Corvette Convertible",136.90,32,4380.80
S18_3482,"1976 Ford Gran Torino",136.70,128,17497.60
S18_2795,"1928 Mercedes-Benz SSK",136.69,21,2870.49
S12_1666,"1958 Setra Bus",136.67,27,3690.09
S18_3140,"1903 Ford Model A",136.59,65,8878.35
S18_1984,"1995 Honda Civic",136.56,62,8466.72
S24_3856,"1956 Porsche 356A Coupe",136.22,68,9262.96
S10_4757,"1972 Alfa Romeo GTA",136.00,54,7344.00
S18_1749,"1917 Grand Touring Sedan",136.00,56,7616.00
S10_4962,"1962 LanciaA Delta 16V",135.92,43,5844.56
S18_2238,"1998 Chrysler Plymouth Prowler",135.90,66,8969.40
S18_3685,"1948 Porsche Type 356 Roadster",135.63,28,3797.64
S18_1662,"1980s Black Hawk Helicopter",135.61,39,5288.79
S18_3232,"1992 Ferrari 360 Spider red",135.47,117,15849.99
S18_4721,"1957 Corvette Convertible",135.41,35,4739.35
S12_1666,"1958 Setra Bus",135.30,79,10688.70
S18_3482,"1976 Ford Gran Torino",135.23,50,6761.50
S18_3140,"1903 Ford Model A",135.22,92,12440.24
S18_1984,"1995 Honda Civic",135.14,30,4054.20
S18_2795,"1928 Mercedes-Benz SSK",135.00,45,6075.00
S24_3856,"1956 Porsche 356A Coupe",134.81,45,6066.45
S10_4757,"1972 Alfa Romeo GTA",134.64,64,8616.96
S18_1129,"1993 Mazda RX-7",134.46,35,4706.10
S10_4962,"1962 LanciaA Delta 16V",134.44,26,3495.44
S18_2238,"1998 Chrysler Plymouth Prowler",134.26,59,7921.34
S18_3685,"1948 Porsche Type 356 Roadster",134.22,101,13556.22
S12_2823,"2002 Suzuki XREO",134.05,30,4021.50
S18_1662,"1980s Black Hawk Helicopter",134.04,36,4825.44
S12_1666,"1958 Setra Bus",133.94,84,11250.96
S18_4721,"1957 Corvette Convertible",133.92,121,16204.32
S18_3140,"1903 Ford Model A",133.86,87,11645.82
S18_3482,"1976 Ford Gran Torino",133.76,21,2808.96
S18_1984,"1995 Honda Civic",133.72,161,21528.92
S18_4027,"1970 Triumph Spitfire",133.57,49,6544.93
S24_3856,"1956 Porsche 356A Coupe",133.41,29,3868.89
S10_4757,"1972 Alfa Romeo GTA",133.28,98,13061.44
S10_4962,"1962 LanciaA Delta 16V",132.97,119,15823.43
S18_3685,"1948 Porsche Type 356 Roadster",132.80,97,12881.60
S18_2238,"1998 Chrysler Plymouth Prowler",132.62,70,9283.40
S12_1666,"1958 Setra Bus",132.57,49,6495.93
S18_1984,"1995 Honda Civic",132.29,34,4497.86
S18_3482,"1976 Ford Gran Torino",132.29,29,3836.41
S18_4027,"1970 Triumph Spitfire",132.13,31,4096.03
S18_2870,"1999 Indy 500 Monte Carlo SS",132.00,41,5412.00
S24_3856,"1956 Porsche 356A Coupe",132.00,40,5280.00
S10_4757,"1972 Alfa Romeo GTA",131.92,49,6464.08
S18_1129,"1993 Mazda RX-7",131.63,21,2764.23
S10_4962,"1962 LanciaA Delta 16V",131.49,64,8415.36
S12_3148,"1969 Corvair Monza",131.44,34,4468.96
S18_3685,"1948 Porsche Type 356 Roadster",131.39,46,6043.94
S12_1666,"1958 Setra Bus",131.20,21,2755.20
S18_3140,"1903 Ford Model A",131.13,28,3671.64
S12_2823,"2002 Suzuki XREO",131.04,169,22145.76
S18_4721,"1957 Corvette Convertible",130.94,29,3797.26
S18_1662,"1980s Black Hawk Helicopter",130.88,58,7591.04
S18_1984,"1995 Honda Civic",130.87,60,7852.20
S18_2870,"1999 Indy 500 Monte Carlo SS",130.68,53,6926.04
S24_3856,"1956 Porsche 356A Coupe",130.60,109,14235.40
S10_4757,"1972 Alfa Romeo GTA",130.56,25,3264.00
S18_1129,"1993 Mazda RX-7",130.22,26,3385.72
S10_4962,"1962 LanciaA Delta 16V",130.01,64,8320.64
S12_3148,"1969 Corvair Monza",129.93,73,9484.89
S18_3140,"1903 Ford Model A",129.76,100,12976.00
S12_2823,"2002 Suzuki XREO",129.53,78,10103.34
S18_1984,"1995 Honda Civic",129.45,69,8932.05
S18_3482,"1976 Ford Gran Torino",129.35,62,8019.70
S18_1662,"1980s Black Hawk Helicopter",129.31,99,12801.69
S18_4027,"1970 Triumph Spitfire",129.26,29,3748.54
S10_4757,"1972 Alfa Romeo GTA",129.20,105,13566.00
S24_3856,"1956 Porsche 356A Coupe",129.20,33,4263.60
S18_1129,"1993 Mazda RX-7",128.80,37,4765.60
S10_4962,"1962 LanciaA Delta 16V",128.53,66,8482.98
S12_1666,"1958 Setra Bus",128.47,49,6295.03
S12_3148,"1969 Corvair Monza",128.42,111,14254.62
S18_3140,"1903 Ford Model A",128.39,41,5263.99
S12_2823,"2002 Suzuki XREO",128.03,24,3072.72
S18_1984,"1995 Honda Civic",128.03,82,10498.46
S18_4721,"1957 Corvette Convertible",127.97,26,3327.22
S18_3482,"1976 Ford Gran Torino",127.88,100,12788.00
S10_4757,"1972 Alfa Romeo GTA",127.84,50,6392.00
S18_4027,"1970 Triumph Spitfire",127.82,39,4984.98
S24_2300,"1962 Volkswagen Microbus",127.79,136,17379.44
S24_3856,"1956 Porsche 356A Coupe",127.79,76,9712.04
S18_1662,"1980s Black Hawk Helicopter",127.73,42,5364.66
S18_3685,"1948 Porsche Type 356 Roadster",127.15,77,9790.55
S18_2325,"1932 Model A Ford J-Coupe",127.13,31,3941.03
S12_1666,"1958 Setra Bus",127.10,25,3177.50
S10_4962,"1962 LanciaA Delta 16V",127.06,28,3557.68
S18_3140,"1903 Ford Model A",127.03,49,6224.47
S12_3148,"1969 Corvair Monza",126.91,33,4188.03
S18_2870,"1999 Indy 500 Monte Carlo SS",126.72,97,12291.84
S12_2823,"2002 Suzuki XREO",126.52,146,18471.92
S24_2300,"1962 Volkswagen Microbus",126.51,20,2530.20
S10_4757,"1972 Alfa Romeo GTA",126.48,53,6703.44
S18_4027,"1970 Triumph Spitfire",126.39,150,18958.50
S18_1662,"1980s Black Hawk Helicopter",126.15,82,10344.30
S18_1129,"1993 Mazda RX-7",125.97,41,5164.77
S18_2325,"1932 Model A Ford J-Coupe",125.86,60,7551.60
S18_3685,"1948 Porsche Type 356 Roadster",125.74,92,11568.08
S18_3140,"1903 Ford Model A",125.66,55,6911.30
S10_4962,"1962 LanciaA Delta 16V",125.58,31,3892.98
S12_3148,"1969 Corvair Monza",125.40,46,5768.40
S18_2870,"1999 Indy 500 Monte Carlo SS",125.40,47,5893.80
S18_1984,"1995 Honda Civic",125.18,36,4506.48
S10_4757,"1972 Alfa Romeo GTA",125.12,32,4003.84
S12_2823,"2002 Suzuki XREO",125.01,44,5500.44
S18_4721,"1957 Corvette Convertible",124.99,174,21748.26
S18_4027,"1970 Triumph Spitfire",124.95,37,4623.15
S18_3482,"1976 Ford Gran Torino",124.94,24,2998.56
S18_2325,"1932 Model A Ford J-Coupe",124.59,77,9593.43
S18_1129,"1993 Mazda RX-7",124.56,140,17438.40
S18_1589,"1965 Aston Martin DB5",124.44,71,8835.24
S12_1666,"1958 Setra Bus",124.37,38,4726.06
S18_3140,"1903 Ford Model A",124.30,28,3480.40
S10_4962,"1962 LanciaA Delta 16V",124.10,32,3971.20
S12_3148,"1969 Corvair Monza",123.89,61,7557.29
S10_4757,"1972 Alfa Romeo GTA",123.76,77,9529.52
S18_1984,"1995 Honda Civic",123.76,24,2970.24
S24_3856,"1956 Porsche 356A Coupe",123.58,23,2842.34
S12_2823,"2002 Suzuki XREO",123.51,101,12474.51
S18_4027,"1970 Triumph Spitfire",123.51,28,3458.28
S18_4721,"1957 Corvette Convertible",123.50,28,3458.00
S18_3482,"1976 Ford Gran Torino",123.47,49,6050.03
S18_1129,"1993 Mazda RX-7",123.14,41,5048.74
S12_1666,"1958 Setra Bus",123.00,41,5043.00
S18_3140,"1903 Ford Model A",122.93,72,8850.96
S18_3685,"1948 Porsche Type 356 Roadster",122.91,46,5653.86
S24_2011,"18th century schooner",122.89,83,10199.87
S18_2319,"1964 Mercedes Tour Bus",122.73,29,3559.17
S24_2300,"1962 Volkswagen Microbus",122.68,70,8587.60
S10_4962,"1962 LanciaA Delta 16V",122.62,22,2697.64
S10_4757,"1972 Alfa Romeo GTA",122.40,48,5875.20
S12_3148,"1969 Corvair Monza",122.37,47,5751.39
S24_3856,"1956 Porsche 356A Coupe",122.17,75,9162.75
S18_4027,"1970 Triumph Spitfire",122.08,46,5615.68
S18_4721,"1957 Corvette Convertible",122.02,98,11957.96
S12_2823,"2002 Suzuki XREO",122.00,87,10614.00
S18_3482,"1976 Ford Gran Torino",122.00,49,5978.00
S18_1589,"1965 Aston Martin DB5",121.95,34,4146.30
S18_1129,"1993 Mazda RX-7",121.72,28,3408.16
S12_1666,"1958 Setra Bus",121.64,179,21773.56
S18_3140,"1903 Ford Model A",121.57,58,7051.06
S18_2319,"1964 Mercedes Tour Bus",121.50,50,6075.00
S24_2300,"1962 Volkswagen Microbus",121.40,75,9105.00
S10_4962,"1962 LanciaA Delta 16V",121.15,83,10055.45
S18_1984,"1995 Honda Civic",120.91,36,4352.76
S18_2325,"1932 Model A Ford J-Coupe",120.77,50,6038.50
S18_1589,"1965 Aston Martin DB5",120.71,90,10863.90
S18_4027,"1970 Triumph Spitfire",120.64,49,5911.36
S18_3482,"1976 Ford Gran Torino",120.53,22,2651.66
S18_4721,"1957 Corvette Convertible",120.53,198,23864.94
S12_2823,"2002 Suzuki XREO",120.50,55,6627.50
S24_2011,"18th century schooner",120.43,41,4937.63
S18_1129,"1993 Mazda RX-7",120.31,89,10707.59
S18_2319,"1964 Mercedes Tour Bus",120.28,136,16358.08
S12_1666,"1958 Setra Bus",120.27,38,4570.26
S18_3140,"1903 Ford Model A",120.20,41,4928.20
S24_2300,"1962 Volkswagen Microbus",120.12,20,2402.40
S18_4600,"1940s Ford truck",119.87,88,10548.56
S10_4962,"1962 LanciaA Delta 16V",119.67,75,8975.25
S18_2325,"1932 Model A Ford J-Coupe",119.50,66,7887.00
S18_1984,"1995 Honda Civic",119.49,47,5616.03
S18_1589,"1965 Aston Martin DB5",119.46,21,2508.66
S24_3856,"1956 Porsche 356A Coupe",119.37,24,2864.88
S18_4027,"1970 Triumph Spitfire",119.20,86,10251.20
S24_2011,"18th century schooner",119.20,70,8344.00
S18_3482,"1976 Ford Gran Torino",119.06,50,5953.00
S18_2319,"1964 Mercedes Tour Bus",119.05,73,8690.65
S18_4721,"1957 Corvette Convertible",119.04,83,9880.32
S10_2016,"1996 Moto Guzzi 1100i",118.94,124,14748.56
S12_1666,"1958 Setra Bus",118.90,38,4518.20
S18_1129,"1993 Mazda RX-7",118.89,40,4755.60
S24_2300,"1962 Volkswagen Microbus",118.84,76,9031.84
S18_2870,"1999 Indy 500 Monte Carlo SS",118.80,25,2970.00
S18_3685,"1948 Porsche Type 356 Roadster",118.68,31,3679.08
S18_4600,"1940s Ford truck",118.66,59,7000.94
S12_4473,"1957 Chevy Pickup",118.50,49,5806.50
S10_4757,"1972 Alfa Romeo GTA",118.32,154,18221.28
S24_4048,"1992 Porsche Cayenne Turbo Silver",118.28,36,4258.08
S18_2325,"1932 Model A Ford J-Coupe",118.23,76,8985.48
S18_1589,"1965 Aston Martin DB5",118.22,69,8157.18
S18_1984,"1995 Honda Civic",118.07,29,3424.03
S24_2011,"18th century schooner",117.97,43,5072.71
S24_3856,"1956 Porsche 356A Coupe",117.96,49,5780.04
S18_2319,"1964 Mercedes Tour Bus",117.82,112,13195.84
S18_4027,"1970 Triumph Spitfire",117.77,60,7066.20
S10_2016,"1996 Moto Guzzi 1100i",117.75,40,4710.00
S18_3482,"1976 Ford Gran Torino",117.59,23,2704.57
S24_2300,"1962 Volkswagen Microbus",117.57,98,11521.86
S12_1666,"1958 Setra Bus",117.54,39,4584.06
S18_1129,"1993 Mazda RX-7",117.48,154,18091.92
S18_2870,"1999 Indy 500 Monte Carlo SS",117.48,118,13862.64
S18_3140,"1903 Ford Model A",117.47,64,7518.08
S700_2834,"ATA: B757-300",117.46,80,9396.80
S12_3380,"1968 Dodge Charger",117.44,91,10687.04
S24_2887,"1952 Citroen-15CV",117.44,52,6106.88
S12_4473,"1957 Chevy Pickup",117.32,46,5396.72
S18_3685,"1948 Porsche Type 356 Roadster",117.26,99,11608.74
S24_4048,"1992 Porsche Cayenne Turbo Silver",117.10,44,5152.40
S10_4757,"1972 Alfa Romeo GTA",116.96,27,3157.92
S18_2325,"1932 Model A Ford J-Coupe",116.96,80,9356.80
S18_1097,"1940 Ford Pickup Truck",116.67,38,4433.46
S18_1984,"1995 Honda Civic",116.65,34,3966.10
S10_2016,"1996 Moto Guzzi 1100i",116.56,96,11189.76
S700_2834,"ATA: B757-300",116.28,25,2907.00
S12_3380,"1968 Dodge Charger",116.27,76,8836.52
S24_2887,"1952 Citroen-15CV",116.27,63,7325.01
S18_2870,"1999 Indy 500 Monte Carlo SS",116.16,55,6388.80
S18_1129,"1993 Mazda RX-7",116.06,62,7195.72
S18_3685,"1948 Porsche Type 356 Roadster",115.85,45,5213.25
S50_1392,"Diamond T620 Semi-Skirted Tanker",115.75,28,3241.00
S18_1589,"1965 Aston Martin DB5",115.73,44,5092.12
S18_2325,"1932 Model A Ford J-Coupe",115.69,77,8908.13
S24_2011,"18th century schooner",115.52,50,5776.00
S18_1097,"1940 Ford Pickup Truck",115.50,34,3927.00
S10_2016,"1996 Moto Guzzi 1100i",115.37,139,16036.43
S18_1984,"1995 Honda Civic",115.22,22,2534.84
S12_4675,"1969 Dodge Charger",115.16,144,16583.04
S24_3856,"1956 Porsche 356A Coupe",115.15,39,4490.85
S24_2887,"1952 Citroen-15CV",115.09,120,13810.80
S700_2834,"ATA: B757-300",115.09,66,7595.94
S18_4600,"1940s Ford truck",115.03,84,9662.52
S24_2300,"1962 Volkswagen Microbus",115.01,48,5520.48
S12_4473,"1957 Chevy Pickup",114.95,93,10690.35
S18_4027,"1970 Triumph Spitfire",114.90,44,5055.60
S18_2870,"1999 Indy 500 Monte Carlo SS",114.84,170,19522.80
S12_1666,"1958 Setra Bus",114.80,41,4706.80
S18_3140,"1903 Ford Model A",114.74,56,6425.44
S24_4048,"1992 Porsche Cayenne Turbo Silver",114.73,93,10669.89
S18_1129,"1993 Mazda RX-7",114.65,170,19490.50
S50_1392,"Diamond T620 Semi-Skirted Tanker",114.59,71,8135.89
S18_1589,"1965 Aston Martin DB5",114.48,59,6754.32
S18_3685,"1948 Porsche Type 356 Roadster",114.44,74,8468.56
S18_2325,"1932 Model A Ford J-Coupe",114.42,38,4347.96
S18_1097,"1940 Ford Pickup Truck",114.34,106,12120.04
S24_2011,"18th century schooner",114.29,61,6971.69
S10_4757,"1972 Alfa Romeo GTA",114.24,49,5597.76
S10_2016,"1996 Moto Guzzi 1100i",114.18,26,2968.68
S18_2319,"1964 Mercedes Tour Bus",114.14,93,10615.02
S12_3380,"1968 Dodge Charger",113.92,65,7404.80
S700_2834,"ATA: B757-300",113.90,81,9225.90
S18_4600,"1940s Ford truck",113.82,32,3642.24
S18_1984,"1995 Honda Civic",113.80,31,3527.80
S24_3856,"1956 Porsche 356A Coupe",113.75,31,3526.25
S24_4048,"1992 Porsche Cayenne Turbo Silver",113.55,58,6585.90
S18_2870,"1999 Indy 500 Monte Carlo SS",113.52,98,11124.96
S12_1666,"1958 Setra Bus",113.44,43,4877.92
S50_1392,"Diamond T620 Semi-Skirted Tanker",113.44,63,7146.72
S18_3140,"1903 Ford Model A",113.37,23,2607.51
S18_1589,"1965 Aston Martin DB5",113.24,40,4529.60
S18_1129,"1993 Mazda RX-7",113.23,41,4642.43
S18_1097,"1940 Ford Pickup Truck",113.17,83,9393.11
S18_2325,"1932 Model A Ford J-Coupe",113.15,38,4299.70
S24_2011,"18th century schooner",113.06,140,15828.40
S10_2016,"1996 Moto Guzzi 1100i",112.99,23,2598.77
S18_2319,"1964 Mercedes Tour Bus",112.91,35,3951.85
S10_4757,"1972 Alfa Romeo GTA",112.88,46,5192.48
S12_4675,"1969 Dodge Charger",112.86,90,10157.40
S24_2887,"1952 Citroen-15CV",112.74,111,12514.14
S24_1578,"1997 BMW R 1100 S",112.70,83,9354.10
S18_4600,"1940s Ford truck",112.60,22,2477.20
S24_2300,"1962 Volkswagen Microbus",112.46,107,12033.22
S24_4048,"1992 Porsche Cayenne Turbo Silver",112.37,23,2584.51
S24_3856,"1956 Porsche 356A Coupe",112.34,157,17637.38
S18_1097,"1940 Ford Pickup Truck",112.00,39,4368.00
S18_2325,"1932 Model A Ford J-Coupe",111.87,120,13424.40
S24_2011,"18th century schooner",111.83,96,10735.68
S10_2016,"1996 Moto Guzzi 1100i",111.80,38,4248.40
S12_3380,"1968 Dodge Charger",111.57,74,8256.18
S24_2887,"1952 Citroen-15CV",111.57,77,8590.89
S700_2834,"ATA: B757-300",111.53,85,9480.05
S10_4757,"1972 Alfa Romeo GTA",111.52,47,5241.44
S12_4473,"1957 Chevy Pickup",111.39,87,9690.93
S18_4600,"1940s Ford truck",111.39,70,7797.30
S24_4048,"1992 Porsche Cayenne Turbo Silver",111.18,61,6781.98
S50_1392,"Diamond T620 Semi-Skirted Tanker",111.12,46,5111.52
S18_2870,"1999 Indy 500 Monte Carlo SS",110.88,75,8316.00
S18_1097,"1940 Ford Pickup Truck",110.84,29,3214.36
S12_1666,"1958 Setra Bus",110.70,104,11512.80
S18_3140,"1903 Ford Model A",110.64,24,2655.36
S10_2016,"1996 Moto Guzzi 1100i",110.61,94,10397.34
S24_2011,"18th century schooner",110.60,33,3649.80
S12_4675,"1969 Dodge Charger",110.55,33,3648.15
S18_2319,"1964 Mercedes Tour Bus",110.46,22,2430.12
S24_1578,"1997 BMW R 1100 S",110.45,35,3865.75
S12_3380,"1968 Dodge Charger",110.39,101,11149.39
S18_4600,"1940s Ford truck",110.18,28,3085.04
S10_4757,"1972 Alfa Romeo GTA",110.16,26,2864.16
S24_4048,"1992 Porsche Cayenne Turbo Silver",110.00,22,2420.00
S50_1392,"Diamond T620 Semi-Skirted Tanker",109.96,88,9676.48
S24_2300,"1962 Volkswagen Microbus",109.90,160,17584.00
S18_1097,"1940 Ford Pickup Truck",109.67,27,2961.09
S18_1589,"1965 Aston Martin DB5",109.51,78,8541.78
S10_2016,"1996 Moto Guzzi 1100i",109.42,20,2188.40
S24_1785,"1928 British Royal Navy Airplane",109.42,41,4486.22
S12_4675,"1969 Dodge Charger",109.40,96,10502.40
S24_2011,"18th century schooner",109.37,70,7655.90
S12_1666,"1958 Setra Bus",109.34,77,8419.18
S18_2325,"1932 Model A Ford J-Coupe",109.33,37,4045.21
S24_1578,"1997 BMW R 1100 S",109.32,168,18365.76
S18_2319,"1964 Mercedes Tour Bus",109.23,72,7864.56
S24_2887,"1952 Citroen-15CV",109.22,48,5242.56
S700_2834,"ATA: B757-300",109.16,48,5239.68
S12_4473,"1957 Chevy Pickup",109.02,74,8067.48
S24_4048,"1992 Porsche Cayenne Turbo Silver",108.82,81,8814.42
S50_1392,"Diamond T620 Semi-Skirted Tanker",108.81,26,2829.06
S10_4757,"1972 Alfa Romeo GTA",108.80,26,2828.80
S18_1097,"1940 Ford Pickup Truck",108.50,123,13345.50
S18_1589,"1965 Aston Martin DB5",108.26,85,9202.10
S24_2011,"18th century schooner",108.14,43,4650.02
S18_2325,"1932 Model A Ford J-Coupe",108.06,25,2701.50
S24_2887,"1952 Citroen-15CV",108.04,69,7454.76
S18_2319,"1964 Mercedes Tour Bus",108.00,46,4968.00
S700_2834,"ATA: B757-300",107.97,44,4750.68
S12_4473,"1957 Chevy Pickup",107.84,38,4097.92
S18_4600,"1940s Ford truck",107.76,162,17457.12
S24_4048,"1992 Porsche Cayenne Turbo Silver",107.63,20,2152.60
S24_2300,"1962 Volkswagen Microbus",107.34,128,13739.52
S24_1785,"1928 British Royal Navy Airplane",107.23,134,14368.82
S12_4675,"1969 Dodge Charger",107.10,95,10174.50
S24_3432,"2002 Chevy Corvette",107.08,27,2891.16
S24_1578,"1997 BMW R 1100 S",107.07,47,5032.29
S10_2016,"1996 Moto Guzzi 1100i",107.05,40,4282.00
S18_1589,"1965 Aston Martin DB5",107.02,23,2461.46
S18_2870,"1999 Indy 500 Monte Carlo SS",106.92,27,2886.84
S12_3380,"1968 Dodge Charger",106.87,34,3633.58
S24_2887,"1952 Citroen-15CV",106.87,48,5129.76
S18_2325,"1932 Model A Ford J-Coupe",106.79,29,3096.91
S700_2834,"ATA: B757-300",106.79,24,2562.96
S18_2319,"1964 Mercedes Tour Bus",106.78,88,9396.64
S18_4600,"1940s Ford truck",106.55,76,8097.80
S50_1392,"Diamond T620 Semi-Skirted Tanker",106.49,76,8093.24
S24_4048,"1992 Porsche Cayenne Turbo Silver",106.45,94,10006.30
S18_1097,"1940 Ford Pickup Truck",106.17,46,4883.82
S24_1785,"1928 British Royal Navy Airplane",106.14,43,4564.02
S12_4675,"1969 Dodge Charger",105.95,24,2542.80
S24_1578,"1997 BMW R 1100 S",105.94,21,2224.74
S18_3856,"1941 Chevrolet Special Deluxe Cabriolet",105.87,101,10692.87
S10_2016,"1996 Moto Guzzi 1100i",105.86,100,10586.00
S18_1589,"1965 Aston Martin DB5",105.77,87,9201.99
S12_3380,"1968 Dodge Charger",105.70,24,2536.80
S24_2011,"18th century schooner",105.69,66,6975.54
S18_2870,"1999 Indy 500 Monte Carlo SS",105.60,49,5174.40
S18_2319,"1964 Mercedes Tour Bus",105.55,33,3483.15
S18_2325,"1932 Model A Ford J-Coupe",105.52,20,2110.40
S12_4473,"1957 Chevy Pickup",105.47,37,3902.39
S18_4600,"1940s Ford truck",105.34,98,10323.32
S50_1392,"Diamond T620 Semi-Skirted Tanker",105.33,55,5793.15
S24_1785,"1928 British Royal Navy Airplane",105.04,47,4936.88
S24_3432,"2002 Chevy Corvette",104.94,74,7765.56
S18_3856,"1941 Chevrolet Special Deluxe Cabriolet",104.81,102,10690.62
S24_1578,"1997 BMW R 1100 S",104.81,119,12472.39
S12_4675,"1969 Dodge Charger",104.80,20,2096.00
S18_3136,"18th Century Vintage Horse Carriage",104.72,44,4607.68
S10_2016,"1996 Moto Guzzi 1100i",104.67,37,3872.79
S12_3380,"1968 Dodge Charger",104.52,116,12124.32
S24_2887,"1952 Citroen-15CV",104.52,45,4703.40
S18_2319,"1964 Mercedes Tour Bus",104.32,64,6676.48
S12_4473,"1957 Chevy Pickup",104.28,49,5109.72
S18_2325,"1932 Model A Ford J-Coupe",104.25,6,625.50
S50_1392,"Diamond T620 Semi-Skirted Tanker",104.18,31,3229.58
S24_4048,"1992 Porsche Cayenne Turbo Silver",104.09,77,8014.93
S24_3432,"2002 Chevy Corvette",103.87,47,4881.89
S18_1097,"1940 Ford Pickup Truck",103.84,57,5918.88
S24_1578,"1997 BMW R 1100 S",103.68,93,9642.24
S18_3136,"18th Century Vintage Horse Carriage",103.67,29,3006.43
S12_4675,"1969 Dodge Charger",103.64,75,7773.00
S24_2300,"1962 Volkswagen Microbus",103.51,28,2898.28
S18_1589,"1965 Aston Martin DB5",103.29,24,2478.96
S24_2011,"18th century schooner",103.23,22,2271.06
S12_4473,"1957 Chevy Pickup",103.10,32,3299.20
S18_2319,"1964 Mercedes Tour Bus",103.09,88,9071.92
S18_2325,"1932 Model A Ford J-Coupe",102.98,127,13078.46
S18_4600,"1940s Ford truck",102.92,97,9983.24
S18_1342,"1937 Lincoln Berline",102.74,78,8013.72
S18_3136,"18th Century Vintage Horse Carriage",102.63,59,6055.17
S12_4675,"1969 Dodge Charger",102.49,86,8814.14
S10_2016,"1996 Moto Guzzi 1100i",102.29,45,4603.05
S24_2300,"1962 Volkswagen Microbus",102.23,63,6440.49
S12_3380,"1968 Dodge Charger",102.17,100,10217.00
S24_2887,"1952 Citroen-15CV",102.17,33,3371.61
S32_4485,"1974 Ducati 350 Mk3 Desmo",102.05,22,2245.10
S18_1589,"1965 Aston Martin DB5",102.04,43,4387.72
S700_2834,"ATA: B757-300",102.04,166,16938.64
S24_2011,"18th century schooner",102.00,37,3774.00
S18_2319,"1964 Mercedes Tour Bus",101.87,70,7130.90
S24_1785,"1928 British Royal Navy Airplane",101.76,55,5596.80
S24_3432,"2002 Chevy Corvette",101.73,176,17904.48
S24_4048,"1992 Porsche Cayenne Turbo Silver",101.72,66,6713.52
S18_1342,"1937 Lincoln Berline",101.71,43,4373.53
S18_4600,"1940s Ford truck",101.71,49,4983.79
S18_3856,"1941 Chevrolet Special Deluxe Cabriolet",101.64,40,4065.60
S18_3136,"18th Century Vintage Horse Carriage",101.58,60,6094.80
S18_1097,"1940 Ford Pickup Truck",101.50,103,10454.50
S12_4675,"1969 Dodge Charger",101.34,25,2533.50
S18_2949,"1913 Ford Model T Speedster",101.31,55,5572.05
S700_2824,"1982 Camaro Z28",101.15,116,11733.40
S10_2016,"1996 Moto Guzzi 1100i",101.10,37,3740.70
S32_4485,"1974 Ducati 350 Mk3 Desmo",101.03,45,4546.35
S12_3380,"1968 Dodge Charger",101.00,25,2525.00
S700_2834,"ATA: B757-300",100.85,31,3126.35
S18_3259,"Collectable Wooden Train",100.84,21,2117.64
S18_1589,"1965 Aston Martin DB5",100.80,66,6652.80
S24_2011,"18th century schooner",100.77,80,8061.60
S12_4473,"1957 Chevy Pickup",100.73,104,10475.92
S50_1392,"Diamond T620 Semi-Skirted Tanker",100.70,61,6142.70
S24_1785,"1928 British Royal Navy Airplane",100.67,70,7046.90
S24_3432,"2002 Chevy Corvette",100.66,46,4630.36
S18_2319,"1964 Mercedes Tour Bus",100.64,22,2214.08
S18_3856,"1941 Chevrolet Special Deluxe Cabriolet",100.58,68,6839.44
S24_4048,"1992 Porsche Cayenne Turbo Silver",100.54,46,4624.84
S18_3136,"18th Century Vintage Horse Carriage",100.53,71,7137.63
S18_4600,"1940s Ford truck",100.50,40,4020.00
S18_1097,"1940 Ford Pickup Truck",100.34,105,10535.70
S18_2949,"1913 Ford Model T Speedster",100.30,162,16248.60
S24_1578,"1997 BMW R 1100 S",100.30,44,4413.20
S12_4675,"1969 Dodge Charger",100.19,70,7013.30
S700_3505,"The Titanic",100.17,27,2704.59
S700_2824,"1982 Camaro Z28",100.14,32,3204.48
S32_4485,"1974 Ducati 350 Mk3 Desmo",100.01,142,14201.42
S10_2016,"1996 Moto Guzzi 1100i",99.91,93,9291.63
S32_1374,"1997 BMW F650 ST",99.89,88,8790.32
S12_3380,"1968 Dodge Charger",99.82,39,3892.98
S700_2466,"America West Airlines B757-200",99.72,34,3390.48
S18_1342,"1937 Lincoln Berline",99.66,105,10464.30
S24_3432,"2002 Chevy Corvette",99.58,21,2091.18
S24_1785,"1928 British Royal Navy Airplane",99.57,64,6372.48
S18_1589,"1965 Aston Martin DB5",99.55,80,7964.00
S50_1392,"Diamond T620 Semi-Skirted Tanker",99.55,84,8362.20
S12_4473,"1957 Chevy Pickup",99.54,109,10849.86
S24_2011,"18th century schooner",99.54,42,4180.68
S18_3856,"1941 Chevrolet Special Deluxe Cabriolet",99.52,117,11643.84
S18_2319,"1964 Mercedes Tour Bus",99.41,20,1988.20
S24_4048,"1992 Porsche Cayenne Turbo Silver",99.36,45,4471.20
S700_3962,"The Queen Mary",99.31,22,2184.82
S18_2949,"1913 Ford Model T Speedster",99.28,79,7843.12
S18_3320,"1917 Maxwell Touring Car",99.21,95,9424.95
S700_3505,"The Titanic",99.17,100,9917.00
S12_4675,"1969 Dodge Charger",99.04,59,5843.36
S700_2466,"America West Airlines B757-200",98.72,107,10563.04
S12_3380,"1968 Dodge Charger",98.65,64,6313.60
S24_2887,"1952 Citroen-15CV",98.65,82,8089.30
S18_1342,"1937 Lincoln Berline",98.63,36,3550.68
S24_3432,"2002 Chevy Corvette",98.51,43,4235.93
S24_1785,"1928 British Royal Navy Airplane",98.48,34,3348.32
S700_2834,"ATA: B757-300",98.48,237,23339.76
S18_3856,"1941 Chevrolet Special Deluxe Cabriolet",98.46,46,4529.16
S18_3136,"18th Century Vintage Horse Carriage",98.44,21,2067.24
S50_1392,"Diamond T620 Semi-Skirted Tanker",98.39,46,4525.94
S12_4473,"1957 Chevy Pickup",98.36,83,8163.88
S700_3962,"The Queen Mary",98.32,45,4424.40
S24_2011,"18th century schooner",98.31,34,3342.54
S18_2949,"1913 Ford Model T Speedster",98.27,83,8156.41
S18_3320,"1917 Maxwell Touring Car",98.22,36,3535.92
S18_4600,"1940s Ford truck",98.07,36,3530.52
S24_1578,"1997 BMW R 1100 S",98.05,48,4706.40
S18_1097,"1940 Ford Pickup Truck",98.00,24,2352.00
S12_4675,"1969 Dodge Charger",97.89,33,3230.37
S32_1374,"1997 BMW F650 ST",97.89,32,3132.48
S18_3259,"Collectable Wooden Train",97.81,48,4694.88
S10_2016,"1996 Moto Guzzi 1100i",97.53,27,2633.31
S24_2887,"1952 Citroen-15CV",97.48,27,2631.96
S18_3856,"1941 Chevrolet Special Deluxe Cabriolet",97.40,20,1948.00
S18_3136,"18th Century Vintage Horse Carriage",97.39,49,4772.11
S24_4258,"1936 Chrysler Airflow",97.39,73,7109.47
S24_1785,"1928 British Royal Navy Airplane",97.38,25,2434.50
S700_3962,"The Queen Mary",97.32,25,2433.00
S18_2949,"1913 Ford Model T Speedster",97.26,49,4765.74
S50_1392,"Diamond T620 Semi-Skirted Tanker",97.23,97,9431.31
S700_2824,"1982 Camaro Z28",97.10,45,4369.50
S24_4048,"1992 Porsche Cayenne Turbo Silver",96.99,39,3782.61
S32_4485,"1974 Ducati 350 Mk3 Desmo",96.95,63,6107.85
S24_1578,"1997 BMW R 1100 S",96.92,94,9110.48
S18_4600,"1940s Ford truck",96.86,120,11623.20
S18_1097,"1940 Ford Pickup Truck",96.84,41,3970.44
S18_3259,"Collectable Wooden Train",96.81,48,4646.88
S700_2466,"America West Airlines B757-200",96.73,24,2321.52
S24_4258,"1936 Chrysler Airflow",96.42,86,8292.12
S24_3432,"2002 Chevy Corvette",96.37,64,6167.68
S32_1268,"1980’s GM Manhattan Express",96.31,27,2600.37
S12_3380,"1968 Dodge Charger",96.30,91,8763.30
S24_2887,"1952 Citroen-15CV",96.30,30,2889.00
S24_1785,"1928 British Royal Navy Airplane",96.29,46,4429.34
S18_3320,"1917 Maxwell Touring Car",96.23,39,3752.97
S700_2834,"ATA: B757-300",96.11,50,4805.50
S700_2824,"1982 Camaro Z28",96.09,30,2882.70
S12_4473,"1957 Chevy Pickup",95.99,186,17854.14
S32_4485,"1974 Ducati 350 Mk3 Desmo",95.93,83,7962.19
S32_1374,"1997 BMW F650 ST",95.89,55,5273.95
S24_4048,"1992 Porsche Cayenne Turbo Silver",95.81,62,5940.22
S18_3259,"Collectable Wooden Train",95.80,64,6131.20
S24_1578,"1997 BMW R 1100 S",95.80,25,2395.00
S700_2466,"America West Airlines B757-200",95.73,126,12061.98
S10_1678,"1969 Harley Davidson Ultimate Chopper",95.70,84,8038.80
S18_1097,"1940 Ford Pickup Truck",95.67,66,6314.22
S12_4675,"1969 Dodge Charger",95.58,23,2198.34
S18_1342,"1937 Lincoln Berline",95.55,76,7261.80
S24_4258,"1936 Chrysler Airflow",95.44,203,19374.32
S32_1268,"1980’s GM Manhattan Express",95.35,45,4290.75
S700_3962,"The Queen Mary",95.34,33,3146.22
S18_3136,"18th Century Vintage Horse Carriage",95.30,45,4288.50
S24_3432,"2002 Chevy Corvette",95.30,145,13818.50
S18_3856,"1941 Chevrolet Special Deluxe Cabriolet",95.28,27,2572.56
S18_3320,"1917 Maxwell Touring Car",95.24,84,8000.16
S18_2949,"1913 Ford Model T Speedster",95.23,31,2952.13
S24_1785,"1928 British Royal Navy Airplane",95.20,31,2951.20
S700_3505,"The Titanic",95.16,37,3520.92
S10_2016,"1996 Moto Guzzi 1100i",95.15,20,1903.00
S12_3380,"1968 Dodge Charger",95.13,25,2378.25
S700_2824,"1982 Camaro Z28",95.08,20,1901.60
S50_1392,"Diamond T620 Semi-Skirted Tanker",94.92,91,8637.72
S700_2834,"ATA: B757-300",94.92,36,3417.12
S32_4485,"1974 Ducati 350 Mk3 Desmo",94.91,132,12528.12
S32_1374,"1997 BMW F650 ST",94.90,22,2087.80
S12_4473,"1957 Chevy Pickup",94.80,69,6541.20
S18_3259,"Collectable Wooden Train",94.79,151,14313.29
S10_1678,"1969 Harley Davidson Ultimate Chopper",94.74,77,7294.98
S700_2466,"America West Airlines B757-200",94.73,75,7104.75
S24_1578,"1997 BMW R 1100 S",94.67,35,3313.45
S18_1097,"1940 Ford Pickup Truck",94.50,78,7371.00
S24_4258,"1936 Chrysler Airflow",94.47,39,3684.33
S32_1268,"1980’s GM Manhattan Express",94.38,28,2642.64
S700_3962,"The Queen Mary",94.34,30,2830.20
S18_3136,"18th Century Vintage Horse Carriage",94.25,43,4052.75
S18_3320,"1917 Maxwell Touring Car",94.25,38,3581.50
S24_3432,"2002 Chevy Corvette",94.23,61,5748.03
S18_3856,"1941 Chevrolet Special Deluxe Cabriolet",94.22,41,3863.02
S700_3505,"The Titanic",94.16,34,3201.44
S700_2824,"1982 Camaro Z28",94.07,88,8278.16
S24_2887,"1952 Citroen-15CV",93.95,68,6388.60
S32_1374,"1997 BMW F650 ST",93.90,31,2910.90
S32_4485,"1974 Ducati 350 Mk3 Desmo",93.89,115,10797.35
S10_1678,"1969 Harley Davidson Ultimate Chopper",93.79,59,5533.61
S50_1392,"Diamond T620 Semi-Skirted Tanker",93.76,34,3187.84
S700_2466,"America West Airlines B757-200",93.74,26,2437.24
S24_1578,"1997 BMW R 1100 S",93.54,87,8137.98
S18_1342,"1937 Lincoln Berline",93.49,83,7759.67
S24_4258,"1936 Chrysler Airflow",93.49,91,8507.59
S32_1268,"1980’s GM Manhattan Express",93.42,32,2989.44
S700_3962,"The Queen Mary",93.35,22,2053.70
S12_4675,"1969 Dodge Charger",93.28,119,11100.32
S18_2949,"1913 Ford Model T Speedster",93.21,125,11651.25
S18_3136,"18th Century Vintage Horse Carriage",93.20,126,11743.20
S18_3856,"1941 Chevrolet Special Deluxe Cabriolet",93.17,45,4192.65
S24_3432,"2002 Chevy Corvette",93.16,66,6148.56
S700_3505,"The Titanic",93.16,34,3167.44
S24_1785,"1928 British Royal Navy Airplane",93.01,113,10510.13
S32_1374,"1997 BMW F650 ST",92.90,50,4645.00
S10_1678,"1969 Harley Davidson Ultimate Chopper",92.83,20,1856.60
S18_3259,"Collectable Wooden Train",92.77,58,5380.66
S700_2466,"America West Airlines B757-200",92.74,38,3524.12
S50_1392,"Diamond T620 Semi-Skirted Tanker",92.60,82,7593.20
S24_4258,"1936 Chrysler Airflow",92.52,20,1850.40
S18_1342,"1937 Lincoln Berline",92.47,136,12575.92
S32_1268,"1980’s GM Manhattan Express",92.46,31,2866.26
S700_3962,"The Queen Mary",92.36,66,6095.76
S18_2949,"1913 Ford Model T Speedster",92.19,77,7098.63
S700_3505,"The Titanic",92.16,60,5529.60
S18_3856,"1941 Chevrolet Special Deluxe Cabriolet",92.11,93,8566.23
S18_4409,"1932 Alfa Romeo 8C2300 Spider Sport",92.03,115,10583.45
S10_1678,"1969 Harley Davidson Ultimate Chopper",91.87,23,2113.01
S32_4485,"1974 Ducati 350 Mk3 Desmo",91.85,30,2755.50
S18_3259,"Collectable Wooden Train",91.76,71,6514.96
S700_2466,"America West Airlines B757-200",91.74,48,4403.52
S32_1268,"1980’s GM Manhattan Express",91.49,44,4025.56
S18_1342,"1937 Lincoln Berline",91.44,51,4663.44
S700_3962,"The Queen Mary",91.37,38,3472.06
S700_1691,"American Airlines: B767-300",91.34,137,12513.58
S24_1578,"1997 BMW R 1100 S",91.29,134,12232.86
S18_3320,"1917 Maxwell Touring Car",91.27,65,5932.55
S18_2949,"1913 Ford Model T Speedster",91.18,161,14679.98
S700_3505,"The Titanic",91.15,40,3646.00
S18_4409,"1932 Alfa Romeo 8C2300 Spider Sport",91.11,6,546.66
S700_2824,"1982 Camaro Z28",91.04,50,4552.00
S24_3432,"2002 Chevy Corvette",91.02,80,7281.60
S10_1678,"1969 Harley Davidson Ultimate Chopper",90.92,82,7455.44
S32_1374,"1997 BMW F650 ST",90.90,62,5635.80
S24_1785,"1928 British Royal Navy Airplane",90.82,47,4268.54
S700_2466,"America West Airlines B757-200",90.75,109,9891.75
S24_4258,"1936 Chrysler Airflow",90.57,20,1811.40
S32_1268,"1980’s GM Manhattan Express",90.53,42,3802.26
S700_2047,"HMS Bounty",90.52,33,2987.16
S18_3320,"1917 Maxwell Touring Car",90.28,29,2618.12
S18_4409,"1932 Alfa Romeo 8C2300 Spider Sport",90.19,35,3156.65
S700_3505,"The Titanic",90.15,42,3786.30
S18_3136,"18th Century Vintage Horse Carriage",90.06,117,10537.02
S700_2824,"1982 Camaro Z28",90.02,31,2790.62
S18_3856,"1941 Chevrolet Special Deluxe Cabriolet",89.99,47,4229.53
S32_1374,"1997 BMW F650 ST",89.90,51,4584.90
S32_4485,"1974 Ducati 350 Mk3 Desmo",89.80,42,3771.60
S18_3259,"Collectable Wooden Train",89.75,23,2064.25
S24_1785,"1928 British Royal Navy Airplane",89.72,63,5652.36
S700_2047,"HMS Bounty",89.61,66,5914.26
S32_1268,"1980’s GM Manhattan Express",89.57,22,1970.54
S18_1342,"1937 Lincoln Berline",89.38,153,13675.14
S700_3962,"The Queen Mary",89.38,71,6345.98
S18_3320,"1917 Maxwell Touring Car",89.29,42,3750.18
S18_2949,"1913 Ford Model T Speedster",89.15,10,891.50
S700_3505,"The Titanic",89.15,25,2228.75
S24_2766,"1949 Jaguar XK 120",89.05,75,6678.75
S18_3136,"18th Century Vintage Horse Carriage",89.01,49,4361.49
S700_2824,"1982 Camaro Z28",89.01,94,8366.94
S10_1678,"1969 Harley Davidson Ultimate Chopper",89.00,34,3026.00
S18_3856,"1941 Chevrolet Special Deluxe Cabriolet",88.93,149,13250.57
S32_1374,"1997 BMW F650 ST",88.90,46,4089.40
S32_4485,"1974 Ducati 350 Mk3 Desmo",88.78,45,3995.10
S700_2466,"America West Airlines B757-200",88.75,35,3106.25
S18_3259,"Collectable Wooden Train",88.74,36,3194.64
S24_4258,"1936 Chrysler Airflow",88.62,99,8773.38
S32_1268,"1980’s GM Manhattan Express",88.61,32,2835.52
S700_1691,"American Airlines: B767-300",88.60,68,6024.80
S700_3962,"The Queen Mary",88.39,122,10783.58
S18_1342,"1937 Lincoln Berline",88.36,69,6096.84
S18_4409,"1932 Alfa Romeo 8C2300 Spider Sport",88.35,36,3180.60
S18_3320,"1917 Maxwell Touring Car",88.30,33,2913.90
S700_3505,"The Titanic",88.15,66,5817.90
S32_1374,"1997 BMW F650 ST",87.90,37,3252.30
S24_3432,"2002 Chevy Corvette",87.81,22,1931.82
S700_2047,"HMS Bounty",87.80,55,4829.00
S18_4522,"1904 Buick Runabout",87.77,89,7811.53
S32_4485,"1974 Ducati 350 Mk3 Desmo",87.76,31,2720.56
S700_2466,"America West Airlines B757-200",87.75,100,8775.00
S18_3259,"Collectable Wooden Train",87.73,85,7457.05
S700_1691,"American Airlines: B767-300",87.69,85,7453.65
S32_1268,"1980’s GM Manhattan Express",87.64,26,2278.64
S24_1785,"1928 British Royal Navy Airplane",87.54,159,13918.86
S18_4409,"1932 Alfa Romeo 8C2300 Spider Sport",87.43,34,2972.62
S700_3962,"The Queen Mary",87.39,30,2621.70
S18_1342,"1937 Lincoln Berline",87.33,181,15806.73
S18_3320,"1917 Maxwell Touring Car",87.30,36,3142.80
S24_2766,"1949 Jaguar XK 120",87.24,61,5321.64
S700_3505,"The Titanic",87.15,81,7059.15
S18_2949,"1913 Ford Model T Speedster",87.13,58,5053.54
S700_2824,"1982 Camaro Z28",86.99,112,9742.88
S18_3136,"18th Century Vintage Horse Carriage",86.92,56,4867.52
S32_1374,"1997 BMW F650 ST",86.90,136,11818.40
S700_2047,"HMS Bounty",86.90,89,7734.10
S18_3856,"1941 Chevrolet Special Deluxe Cabriolet",86.81,51,4427.31
S700_1691,"American Airlines: B767-300",86.77,73,6334.21
S700_2466,"America West Airlines B757-200",86.76,40,3470.40
S24_3151,"1912 Ford Model T Delivery Wagon",86.74,71,6158.54
S32_4485,"1974 Ducati 350 Mk3 Desmo",86.74,23,1995.02
S24_3432,"2002 Chevy Corvette",86.73,22,1908.06
S700_1938,"The Mayflower",86.61,55,4763.55
S18_4409,"1932 Alfa Romeo 8C2300 Spider Sport",86.51,39,3373.89
S24_2766,"1949 Jaguar XK 120",86.33,46,3971.18
S18_3320,"1917 Maxwell Touring Car",86.31,79,6818.49
S700_3505,"The Titanic",86.15,132,11371.80
S10_1678,"1969 Harley Davidson Ultimate Chopper",86.13,34,2928.42
S700_2047,"HMS Bounty",85.99,64,5503.36
S700_2824,"1982 Camaro Z28",85.98,96,8254.08
S18_3136,"18th Century Vintage Horse Carriage",85.87,67,5753.29
S700_1691,"American Airlines: B767-300",85.86,32,2747.52
S24_3151,"1912 Ford Model T Delivery Wagon",85.85,30,2575.50
S700_2466,"America West Airlines B757-200",85.76,23,1972.48
S18_3856,"1941 Chevrolet Special Deluxe Cabriolet",85.75,95,8146.25
S32_1268,"1980’s GM Manhattan Express",85.72,26,2228.72
S18_3259,"Collectable Wooden Train",85.71,48,4114.08
S24_4258,"1936 Chrysler Airflow",85.70,26,2228.20
S24_3191,"1969 Chevrolet Camaro Z28",85.61,25,2140.25
S24_2766,"1949 Jaguar XK 120",85.42,31,2648.02
S700_3962,"The Queen Mary",85.41,58,4953.78
S18_1342,"1937 Lincoln Berline",85.27,25,2131.75
S10_1678,"1969 Harley Davidson Ultimate Chopper",85.17,24,2044.08
S18_4522,"1904 Buick Runabout",85.14,39,3320.46
S700_3505,"The Titanic",85.14,67,5704.38
S18_2949,"1913 Ford Model T Speedster",85.10,23,1957.30
S700_2047,"HMS Bounty",85.09,59,5020.31
S700_1691,"American Airlines: B767-300",84.95,34,2888.30
S32_1374,"1997 BMW F650 ST",84.91,46,3905.86
S700_1938,"The Mayflower",84.88,76,6450.88
S18_3136,"18th Century Vintage Horse Carriage",84.82,34,2883.88
S700_2466,"America West Airlines B757-200",84.76,22,1864.72
S24_3191,"1969 Chevrolet Camaro Z28",84.75,40,3390.00
S32_1268,"1980’s GM Manhattan Express",84.75,160,13560.00
S24_4258,"1936 Chrysler Airflow",84.73,33,2796.09
S18_3259,"Collectable Wooden Train",84.71,73,6183.83
S18_3856,"1941 Chevrolet Special Deluxe Cabriolet",84.70,34,2879.80
S32_4485,"1974 Ducati 350 Mk3 Desmo",84.70,38,3218.60
S18_4409,"1932 Alfa Romeo 8C2300 Spider Sport",84.67,73,6180.91
S24_2766,"1949 Jaguar XK 120",84.51,86,7267.86
S18_2581,"P-51-D Mustang",84.48,27,2280.96
S700_3962,"The Queen Mary",84.41,40,3376.40
S18_3320,"1917 Maxwell Touring Car",84.33,175,14757.75
S18_3029,"1999 Yamaha Speed Boat",84.30,125,10537.50
S18_4522,"1904 Buick Runabout",84.26,39,3286.14
S10_1678,"1969 Harley Davidson Ultimate Chopper",84.22,129,10864.38
S700_3505,"The Titanic",84.14,127,10685.78
S18_2949,"1913 Ford Model T Speedster",84.09,48,4036.32
S24_3151,"1912 Ford Model T Delivery Wagon",84.08,73,6137.84
S700_1691,"American Airlines: B767-300",84.03,52,4369.56
S700_2824,"1982 Camaro Z28",83.95,55,4617.25
S32_1374,"1997 BMW F650 ST",83.91,34,2852.94
S24_3191,"1969 Chevrolet Camaro Z28",83.90,44,3691.60
S24_3816,"1940 Ford Delivery Sedan",83.86,71,5954.06
S32_1268,"1980’s GM Manhattan Express",83.79,41,3435.39
S18_3136,"18th Century Vintage Horse Carriage",83.78,37,3099.86
S24_4258,"1936 Chrysler Airflow",83.76,79,6617.04
S18_4409,"1932 Alfa Romeo 8C2300 Spider Sport",83.75,63,5276.25
S18_3259,"Collectable Wooden Train",83.70,66,5524.20
S32_4485,"1974 Ducati 350 Mk3 Desmo",83.68,34,2845.12
S18_3029,"1999 Yamaha Speed Boat",83.44,90,7509.60
S700_3962,"The Queen Mary",83.42,162,13514.04
S18_4522,"1904 Buick Runabout",83.38,101,8421.38
S700_2047,"HMS Bounty",83.28,73,6079.44
S18_1342,"1937 Lincoln Berline",83.22,25,2080.50
S24_3151,"1912 Ford Model T Delivery Wagon",83.20,80,6656.00
S700_1938,"The Mayflower",83.15,23,1912.45
S700_3505,"The Titanic",83.14,80,6651.20
S24_3191,"1969 Chevrolet Camaro Z28",83.04,46,3819.84
S24_3816,"1940 Ford Delivery Sedan",83.02,45,3735.90
S700_2824,"1982 Camaro Z28",82.94,42,3483.48
S32_1374,"1997 BMW F650 ST",82.91,37,3067.67
S18_4409,"1932 Alfa Romeo 8C2300 Spider Sport",82.83,38,3147.54
S32_1268,"1980’s GM Manhattan Express",82.83,136,11264.88
S18_2581,"P-51-D Mustang",82.79,87,7202.73
S24_4258,"1936 Chrysler Airflow",82.78,39,3228.42
S700_2466,"America West Airlines B757-200",82.77,39,3228.03
S18_3259,"Collectable Wooden Train",82.69,29,2398.01
S24_2766,"1949 Jaguar XK 120",82.69,63,5209.47
S32_4485,"1974 Ducati 350 Mk3 Desmo",82.66,22,1818.52
S18_3029,"1999 Yamaha Speed Boat",82.58,28,2312.24
S18_4522,"1904 Buick Runabout",82.50,57,4702.50
S700_2047,"HMS Bounty",82.37,46,3789.02
S24_3151,"1912 Ford Model T Delivery Wagon",82.31,33,2716.23
S10_1678,"1969 Harley Davidson Ultimate Chopper",82.30,22,1810.60
S18_1342,"1937 Lincoln Berline",82.19,50,4109.50
S24_3816,"1940 Ford Delivery Sedan",82.18,84,6903.12
S18_2949,"1913 Ford Model T Speedster",82.06,46,3774.76
S18_2581,"P-51-D Mustang",81.95,107,8768.65
S700_2824,"1982 Camaro Z28",81.93,44,3604.92
S18_4409,"1932 Alfa Romeo 8C2300 Spider Sport",81.91,28,2293.48
S32_1374,"1997 BMW F650 ST",81.91,140,11467.40
S32_1268,"1980’s GM Manhattan Express",81.86,37,3028.82
S24_4258,"1936 Chrysler Airflow",81.81,93,7608.33
S24_2766,"1949 Jaguar XK 120",81.78,156,12757.68
S700_2466,"America West Airlines B757-200",81.77,112,9158.24
S18_3029,"1999 Yamaha Speed Boat",81.72,32,2615.04
S18_3259,"Collectable Wooden Train",81.68,56,4574.08
S32_4485,"1974 Ducati 350 Mk3 Desmo",81.64,31,2530.84
S700_2047,"HMS Bounty",81.47,34,2769.98
S24_3151,"1912 Ford Model T Delivery Wagon",81.43,41,3338.63
S700_3962,"The Queen Mary",81.43,66,5374.38
S700_1938,"The Mayflower",81.41,40,3256.40
S50_4713,"2002 Yamaha YZR M1",81.36,72,5857.92
S10_1678,"1969 Harley Davidson Ultimate Chopper",81.35,124,10087.40
S18_3320,"1917 Maxwell Touring Car",81.35,74,6019.90
S24_3816,"1940 Ford Delivery Sedan",81.34,20,1626.80
S24_3191,"1969 Chevrolet Camaro Z28",81.33,39,3171.87
S700_1691,"American Airlines: B767-300",81.29,48,3901.92
S18_2581,"P-51-D Mustang",81.10,34,2757.40
S18_2949,"1913 Ford Model T Speedster",81.05,31,2512.55
S18_4409,"1932 Alfa Romeo 8C2300 Spider Sport",80.99,55,4454.45
S700_2824,"1982 Camaro Z28",80.92,142,11490.64
S32_1374,"1997 BMW F650 ST",80.91,103,8333.73
S32_1268,"1980’s GM Manhattan Express",80.90,29,2346.10
S18_3029,"1999 Yamaha Speed Boat",80.86,90,7277.40
S24_4620,"1961 Chevrolet Impala",80.84,86,6952.24
S24_4258,"1936 Chrysler Airflow",80.83,33,2667.39
S18_4522,"1904 Buick Runabout",80.75,20,1615.00
S18_3259,"Collectable Wooden Train",80.67,41,3307.47
S700_2047,"HMS Bounty",80.56,50,4028.00
S700_1938,"The Mayflower",80.55,64,5155.20
S24_3151,"1912 Ford Model T Delivery Wagon",80.54,54,4349.16
S24_3191,"1969 Chevrolet Camaro Z28",80.47,51,4103.97
S700_3962,"The Queen Mary",80.44,66,5309.04
S10_1678,"1969 Harley Davidson Ultimate Chopper",80.39,121,9727.19
S18_3320,"1917 Maxwell Touring Car",80.36,135,10848.60
S18_2581,"P-51-D Mustang",80.26,49,3932.74
S700_3167,"F/A 18 Hornet 1/72",80.00,75,6000.00
S24_2766,"1949 Jaguar XK 120",79.97,22,1759.34
S32_1374,"1997 BMW F650 ST",79.91,44,3516.04
S18_4522,"1904 Buick Runabout",79.87,24,1916.88
S24_4258,"1936 Chrysler Airflow",79.86,21,1677.06
S12_3990,"1970 Plymouth Hemi Cuda",79.80,28,2234.40
S700_2466,"America West Airlines B757-200",79.78,26,2074.28
S50_4713,"2002 Yamaha YZR M1",79.73,85,6777.05
S700_1938,"The Mayflower",79.68,50,3984.00
S24_3816,"1940 Ford Delivery Sedan",79.67,22,1752.74
S24_3151,"1912 Ford Model T Delivery Wagon",79.66,67,5337.22
S10_1678,"1969 Harley Davidson Ultimate Chopper",79.43,66,5242.38
S18_2581,"P-51-D Mustang",79.41,27,2144.07
S18_3320,"1917 Maxwell Touring Car",79.37,32,2539.84
S24_4620,"1961 Chevrolet Impala",79.22,40,3168.80
S700_3167,"F/A 18 Hornet 1/72",79.20,47,3722.40
S18_4409,"1932 Alfa Romeo 8C2300 Spider Sport",79.15,47,3720.05
S18_3029,"1999 Yamaha Speed Boat",79.14,49,3877.86
S24_2766,"1949 Jaguar XK 120",79.06,47,3715.82
S18_4522,"1904 Buick Runabout",78.99,91,7188.09
S32_1268,"1980’s GM Manhattan Express",78.97,46,3632.62
S50_4713,"2002 Yamaha YZR M1",78.92,64,5050.88
S24_4258,"1936 Chrysler Airflow",78.89,28,2208.92
S24_3816,"1940 Ford Delivery Sedan",78.83,90,7094.70
S24_3151,"1912 Ford Model T Delivery Wagon",78.77,24,1890.48
S24_3191,"1969 Chevrolet Camaro Z28",78.76,73,5749.48
S700_2047,"HMS Bounty",78.75,24,1890.00
S700_1691,"American Airlines: B767-300",78.55,47,3691.85
S24_4620,"1961 Chevrolet Impala",78.41,43,3371.63
S18_3029,"1999 Yamaha Speed Boat",78.28,21,1643.88
S18_4409,"1932 Alfa Romeo 8C2300 Spider Sport",78.23,32,2503.36
S18_4522,"1904 Buick Runabout",78.12,59,4609.08
S50_4713,"2002 Yamaha YZR M1",78.11,95,7420.45
S32_1268,"1980’s GM Manhattan Express",78.01,26,2028.26
S18_3278,"1969 Dodge Super Bee",78.00,38,2964.00
S24_3816,"1940 Ford Delivery Sedan",77.99,83,6473.17
S700_1938,"The Mayflower",77.95,124,9665.80
S24_3191,"1969 Chevrolet Camaro Z28",77.91,96,7479.36
S700_1691,"American Airlines: B767-300",77.64,59,4580.76
S24_4620,"1961 Chevrolet Impala",77.61,114,8847.54
S700_3167,"F/A 18 Hornet 1/72",77.60,48,3724.80
S10_1678,"1969 Harley Davidson Ultimate Chopper",77.52,40,3100.80
S18_3029,"1999 Yamaha Speed Boat",77.42,44,3406.48
S12_3990,"1970 Plymouth Hemi Cuda",77.41,85,6579.85
S18_4409,"1932 Alfa Romeo 8C2300 Spider Sport",77.31,141,10900.71
S50_4713,"2002 Yamaha YZR M1",77.29,44,3400.76
S18_4522,"1904 Buick Runabout",77.24,71,5484.04
S24_2766,"1949 Jaguar XK 120",77.24,57,4402.68
S18_3278,"1969 Dodge Super Bee",77.19,46,3550.74
S24_3816,"1940 Ford Delivery Sedan",77.15,83,6403.45
S700_1938,"The Mayflower",77.08,43,3314.44
S24_3191,"1969 Chevrolet Camaro Z28",77.05,141,10864.05
S32_1268,"1980’s GM Manhattan Express",77.05,81,6241.05
S18_1889,"1948 Porsche 356-A Roadster",77.00,33,2541.00
S24_3151,"1912 Ford Model T Delivery Wagon",77.00,47,3619.00
S700_2047,"HMS Bounty",76.94,54,4154.76
S24_4620,"1961 Chevrolet Impala",76.80,53,4070.40
S700_3167,"F/A 18 Hornet 1/72",76.80,116,8908.80
S700_1691,"American Airlines: B767-300",76.73,24,1841.52
S12_3990,"1970 Plymouth Hemi Cuda",76.61,81,6205.41
S10_1678,"1969 Harley Davidson Ultimate Chopper",76.56,118,9034.08
S50_4713,"2002 Yamaha YZR M1",76.48,39,2982.72
S18_3278,"1969 Dodge Super Bee",76.39,25,1909.75
S18_4522,"1904 Buick Runabout",76.36,69,5268.84
S24_2766,"1949 Jaguar XK 120",76.33,126,9617.58
S24_3816,"1940 Ford Delivery Sedan",76.31,87,6638.97
S18_1889,"1948 Porsche 356-A Roadster",76.23,21,1600.83
S700_1938,"The Mayflower",76.22,57,4344.54
S24_3191,"1969 Chevrolet Camaro Z28",76.19,83,6323.77
S24_3151,"1912 Ford Model T Delivery Wagon",76.12,31,2359.72
S700_3167,"F/A 18 Hornet 1/72",76.00,88,6688.00
S24_4620,"1961 Chevrolet Impala",75.99,43,3267.57
S12_3990,"1970 Plymouth Hemi Cuda",75.81,39,2956.59
S700_1691,"American Airlines: B767-300",75.81,65,4927.65
S18_3029,"1999 Yamaha Speed Boat",75.70,22,1665.40
S50_4713,"2002 Yamaha YZR M1",75.66,48,3631.68
S18_3278,"1969 Dodge Super Bee",75.59,76,5744.84
S18_4522,"1904 Buick Runabout",75.48,41,3094.68
S24_3816,"1940 Ford Delivery Sedan",75.47,72,5433.84
S18_4409,"1932 Alfa Romeo 8C2300 Spider Sport",75.46,58,4376.68
S24_2766,"1949 Jaguar XK 120",75.42,49,3695.58
S24_2000,"1960 BSA Gold Star DBD34",75.41,101,7616.41
S700_1938,"The Mayflower",75.35,38,2863.30
S24_3151,"1912 Ford Model T Delivery Wagon",75.23,31,2332.13
S18_2581,"P-51-D Mustang",75.19,105,7894.95
S24_4620,"1961 Chevrolet Impala",75.18,174,13081.32
S700_2047,"HMS Bounty",75.13,124,9316.12
S700_1691,"American Airlines: B767-300",74.90,80,5992.00
S50_4713,"2002 Yamaha YZR M1",74.85,55,4116.75
S18_3029,"1999 Yamaha Speed Boat",74.84,76,5687.84
S18_3278,"1969 Dodge Super Bee",74.78,101,7552.78
S18_1889,"1948 Porsche 356-A Roadster",74.69,22,1643.18
S24_3816,"1940 Ford Delivery Sedan",74.64,65,4851.60
S24_2766,"1949 Jaguar XK 120",74.51,62,4619.62
S24_3191,"1969 Chevrolet Camaro Z28",74.48,48,3575.04
S700_1938,"The Mayflower",74.48,78,5809.44
S700_3167,"F/A 18 Hornet 1/72",74.40,65,4836.00
S24_3151,"1912 Ford Model T Delivery Wagon",74.35,96,7137.60
S18_2581,"P-51-D Mustang",74.34,73,5426.82
S700_2047,"HMS Bounty",74.23,49,3637.27
S12_3990,"1970 Plymouth Hemi Cuda",74.21,95,7049.95
S50_4713,"2002 Yamaha YZR M1",74.04,48,3553.92
S700_4002,"American Airlines: MD-11S",74.03,40,2961.20
S700_1691,"American Airlines: B767-300",73.99,30,2219.70
S18_1889,"1948 Porsche 356-A Roadster",73.92,37,2735.04
S24_3816,"1940 Ford Delivery Sedan",73.80,29,2140.20
S18_4522,"1904 Buick Runabout",73.73,73,5382.29
S18_4409,"1932 Alfa Romeo 8C2300 Spider Sport",73.62,66,4858.92
S24_3191,"1969 Chevrolet Camaro Z28",73.62,33,2429.46
S700_1938,"The Mayflower",73.62,114,8392.68
S24_2766,"1949 Jaguar XK 120",73.60,68,5004.80
S700_3167,"F/A 18 Hornet 1/72",73.60,109,8022.40
S24_1046,"1970 Chevy Chevelle SS 454",73.49,37,2719.13
S24_3151,"1912 Ford Model T Delivery Wagon",73.46,99,7272.54
S12_3990,"1970 Plymouth Hemi Cuda",73.42,20,1468.40
S700_2047,"HMS Bounty",73.32,77,5645.64
S700_4002,"American Airlines: MD-11S",73.29,32,2345.28
S50_4713,"2002 Yamaha YZR M1",73.22,38,2782.36
S18_3278,"1969 Dodge Super Bee",73.17,91,6658.47
S18_1889,"1948 Porsche 356-A Roadster",73.15,74,5413.10
S18_3029,"1999 Yamaha Speed Boat",73.12,69,5045.28
S24_2000,"1960 BSA Gold Star DBD34",73.12,38,2778.56
S700_1691,"American Airlines: B767-300",73.07,60,4384.20
S24_3816,"1940 Ford Delivery Sedan",72.96,93,6785.28
S18_4522,"1904 Buick Runabout",72.85,153,11146.05
S24_3191,"1969 Chevrolet Camaro Z28",72.77,20,1455.40
S24_1046,"1970 Chevy Chevelle SS 454",72.76,21,1527.96
S24_4620,"1961 Chevrolet Impala",72.76,31,2255.56
S700_1938,"The Mayflower",72.75,32,2328.00
S18_2581,"P-51-D Mustang",72.65,21,1525.65
S12_3990,"1970 Plymouth Hemi Cuda",72.62,24,1742.88
S24_3151,"1912 Ford Model T Delivery Wagon",72.58,95,6895.10
S24_4278,"1900s Vintage Tri-Plane",72.45,37,2680.65
S50_4713,"2002 Yamaha YZR M1",72.41,132,9558.12
S18_1889,"1948 Porsche 356-A Roadster",72.38,61,4415.18
S24_2000,"1960 BSA Gold Star DBD34",72.36,63,4558.68
S700_2610,"The USS Constitution Ship",72.28,45,3252.60
S18_3029,"1999 Yamaha Speed Boat",72.26,21,1517.46
S24_1046,"1970 Chevy Chevelle SS 454",72.02,135,9722.70
S700_3167,"F/A 18 Hornet 1/72",72.00,168,12096.00
S18_4522,"1904 Buick Runabout",71.97,34,2446.98
S24_3191,"1969 Chevrolet Camaro Z28",71.91,31,2229.21
S12_3990,"1970 Plymouth Hemi Cuda",71.82,36,2585.52
S18_2581,"P-51-D Mustang",71.81,57,4093.17
S24_4278,"1900s Vintage Tri-Plane",71.73,179,12839.67
S24_3151,"1912 Ford Model T Delivery Wagon",71.69,43,3082.67
S18_1889,"1948 Porsche 356-A Roadster",71.61,47,3365.67
S24_2000,"1960 BSA Gold Star DBD34",71.60,37,2649.20
S700_2610,"The USS Constitution Ship",71.56,44,3148.64
S18_3029,"1999 Yamaha Speed Boat",71.40,77,5497.80
S18_4933,"1957 Ford Thunderbird",71.27,36,2565.72
S700_3167,"F/A 18 Hornet 1/72",71.20,33,2349.60
S700_1938,"The Mayflower",71.02,49,3479.98
S24_4278,"1900s Vintage Tri-Plane",71.00,26,1846.00
S18_2581,"P-51-D Mustang",70.96,15,1064.40
S18_1889,"1948 Porsche 356-A Roadster",70.84,109,7721.56
S24_3151,"1912 Ford Model T Delivery Wagon",70.81,76,5381.56
S50_4713,"2002 Yamaha YZR M1",70.78,40,2831.20
S18_3278,"1969 Dodge Super Bee",70.76,43,3042.68
S18_4933,"1957 Ford Thunderbird",70.56,81,5715.36
S24_1046,"1970 Chevy Chevelle SS 454",70.55,26,1834.30
S18_3029,"1999 Yamaha Speed Boat",70.54,115,8112.10
S700_3167,"F/A 18 Hornet 1/72",70.40,100,7040.00
S24_4620,"1961 Chevrolet Impala",70.33,41,2883.53
S700_4002,"American Airlines: MD-11S",70.33,170,11956.10
S24_4278,"1900s Vintage Tri-Plane",70.28,87,6114.36
S12_3990,"1970 Plymouth Hemi Cuda",70.22,30,2106.60
S18_4522,"1904 Buick Runabout",70.22,30,2106.60
S18_2581,"P-51-D Mustang",70.12,80,5609.60
S700_2610,"The USS Constitution Ship",70.11,30,2103.30
S24_2000,"1960 BSA Gold Star DBD34",70.08,53,3714.24
S18_1889,"1948 Porsche 356-A Roadster",70.07,66,4624.62
S18_3278,"1969 Dodge Super Bee",69.96,37,2588.52
S18_4933,"1957 Ford Thunderbird",69.84,45,3142.80
S24_1046,"1970 Chevy Chevelle SS 454",69.82,20,1396.40
S18_3029,"1999 Yamaha Speed Boat",69.68,67,4668.56
S700_3167,"F/A 18 Hornet 1/72",69.60,44,3062.40
S700_4002,"American Airlines: MD-11S",69.59,39,2714.01
S24_4278,"1900s Vintage Tri-Plane",69.55,113,7859.15
S24_4620,"1961 Chevrolet Impala",69.52,38,2641.76
S700_2610,"The USS Constitution Ship",69.39,140,9714.60
S24_3191,"1969 Chevrolet Camaro Z28",69.34,100,6934.00
S700_1938,"The Mayflower",69.29,55,3810.95
S18_2581,"P-51-D Mustang",69.27,33,2285.91
S50_4713,"2002 Yamaha YZR M1",69.16,49,3388.84
S18_3278,"1969 Dodge Super Bee",69.15,103,7122.45
S24_4278,"1900s Vintage Tri-Plane",68.83,25,1720.75
S18_3029,"1999 Yamaha Speed Boat",68.82,40,2752.80
S32_4289,"1928 Ford Phaeton Deluxe",68.79,29,1994.91
S24_3816,"1940 Ford Delivery Sedan",68.77,57,3919.89
S24_4620,"1961 Chevrolet Impala",68.71,28,1923.88
S700_2610,"The USS Constitution Ship",68.67,76,5218.92
S12_3990,"1970 Plymouth Hemi Cuda",68.63,34,2333.42
S24_2000,"1960 BSA Gold Star DBD34",68.55,47,3221.85
S18_2581,"P-51-D Mustang",68.43,122,8348.46
S18_4933,"1957 Ford Thunderbird",68.42,88,6020.96
S18_3278,"1969 Dodge Super Bee",68.35,84,5741.40
S24_1046,"1970 Chevy Chevelle SS 454",68.35,88,6014.80
S50_4713,"2002 Yamaha YZR M1",68.34,44,3006.96
S24_3949,"Corsair F4U ( Bird Cage)",68.24,34,2320.16
S700_4002,"American Airlines: MD-11S",68.11,134,9126.74
S24_4278,"1900s Vintage Tri-Plane",68.10,111,7559.10
S32_4289,"1928 Ford Phaeton Deluxe",68.10,66,4494.60
S700_3167,"F/A 18 Hornet 1/72",68.00,57,3876.00
S700_2610,"The USS Constitution Ship",67.94,29,1970.26
S24_3816,"1940 Ford Delivery Sedan",67.93,22,1494.46
S24_4620,"1961 Chevrolet Impala",67.91,22,1494.02
S24_2360,"1982 Ducati 900 Monster",67.87,35,2375.45
S12_3990,"1970 Plymouth Hemi Cuda",67.83,73,4951.59
S24_2841,"1900s Vintage Bi-Plane",67.82,137,9291.34
S24_2000,"1960 BSA Gold Star DBD34",67.79,22,1491.38
S18_1889,"1948 Porsche 356-A Roadster",67.76,100,6776.00
S18_2581,"P-51-D Mustang",67.58,80,5406.40
S24_3949,"Corsair F4U ( Bird Cage)",67.56,30,2026.80
S18_3278,"1969 Dodge Super Bee",67.54,90,6078.60
S50_4713,"2002 Yamaha YZR M1",67.53,108,7293.24
S32_4289,"1928 Ford Phaeton Deluxe",67.41,88,5932.08
S24_4278,"1900s Vintage Tri-Plane",67.38,27,1819.26
S700_4002,"American Airlines: MD-11S",67.37,39,2627.43
S700_2610,"The USS Constitution Ship",67.22,123,8268.06
S24_2360,"1982 Ducati 900 Monster",67.18,56,3762.08
S24_2841,"1900s Vintage Bi-Plane",67.14,78,5236.92
S24_4620,"1961 Chevrolet Impala",67.10,108,7246.80
S12_3990,"1970 Plymouth Hemi Cuda",67.03,146,9786.38
S24_2000,"1960 BSA Gold Star DBD34",67.03,60,4021.80
S18_1889,"1948 Porsche 356-A Roadster",66.99,68,4555.32
S18_4933,"1957 Ford Thunderbird",66.99,93,6230.07
S24_1046,"1970 Chevy Chevelle SS 454",66.88,104,6955.52
S18_3278,"1969 Dodge Super Bee",66.74,76,5072.24
S32_4289,"1928 Ford Phaeton Deluxe",66.73,54,3603.42
S24_4278,"1900s Vintage Tri-Plane",66.65,81,5398.65
S700_4002,"American Airlines: MD-11S",66.63,133,8861.79
S700_2610,"The USS Constitution Ship",66.50,50,3325.00
S24_2360,"1982 Ducati 900 Monster",66.49,38,2526.62
S24_2841,"1900s Vintage Bi-Plane",66.45,43,2857.35
S24_4620,"1961 Chevrolet Impala",66.29,72,4772.88
S18_4933,"1957 Ford Thunderbird",66.28,77,5103.56
S24_2000,"1960 BSA Gold Star DBD34",66.27,25,1656.75
S18_1889,"1948 Porsche 356-A Roadster",66.22,29,1920.38
S700_1138,"The Schooner Bluenose",66.00,136,8976.00
S18_3278,"1969 Dodge Super Bee",65.94,94,6198.36
S24_4278,"1900s Vintage Tri-Plane",65.93,97,6395.21
S700_4002,"American Airlines: MD-11S",65.89,38,2503.82
S24_2360,"1982 Ducati 900 Monster",65.80,31,2039.80
S24_2841,"1900s Vintage Bi-Plane",65.77,49,3222.73
S24_3420,"1937 Horch 930V Limousine",65.75,98,6443.50
S700_3167,"F/A 18 Hornet 1/72",65.60,39,2558.40
S24_2000,"1960 BSA Gold Star DBD34",65.51,36,2358.36
S24_3949,"Corsair F4U ( Bird Cage)",65.51,64,4192.64
S24_4620,"1961 Chevrolet Impala",65.48,48,3143.04
S12_3990,"1970 Plymouth Hemi Cuda",65.44,56,3664.64
S24_1046,"1970 Chevy Chevelle SS 454",65.41,46,3008.86
S32_4289,"1928 Ford Phaeton Deluxe",65.35,60,3921.00
S700_4002,"American Airlines: MD-11S",65.15,34,2215.10
S18_3278,"1969 Dodge Super Bee",65.13,70,4559.10
S24_3420,"1937 Horch 930V Limousine",65.09,49,3189.41
S50_4713,"2002 Yamaha YZR M1",65.09,31,2017.79
S24_2841,"1900s Vintage Bi-Plane",65.08,30,1952.40
S700_2610,"The USS Constitution Ship",65.05,21,1366.05
S18_4933,"1957 Ford Thunderbird",64.86,23,1491.78
S24_3949,"Corsair F4U ( Bird Cage)",64.83,18,1166.94
S700_3167,"F/A 18 Hornet 1/72",64.80,27,1749.60
S18_1889,"1948 Porsche 356-A Roadster",64.68,20,1293.60
S24_1046,"1970 Chevy Chevelle SS 454",64.67,27,1746.09
S700_1138,"The Schooner Bluenose",64.67,53,3427.51
S12_3990,"1970 Plymouth Hemi Cuda",64.64,71,4589.44
S24_4278,"1900s Vintage Tri-Plane",64.48,33,2127.84
S24_3420,"1937 Horch 930V Limousine",64.44,54,3479.76
S24_2360,"1982 Ducati 900 Monster",64.41,125,8051.25
S700_4002,"American Airlines: MD-11S",64.41,35,2254.35
S24_2841,"1900s Vintage Bi-Plane",64.40,66,4250.40
S700_2610,"The USS Constitution Ship",64.33,32,2058.56
S24_3949,"Corsair F4U ( Bird Cage)",64.15,30,1924.50
S18_4933,"1957 Ford Thunderbird",64.14,66,4233.24
S700_1138,"The Schooner Bluenose",64.00,34,2176.00
S700_3167,"F/A 18 Hornet 1/72",64.00,31,1984.00
S32_3522,"1996 Peterbilt 379 Stake Bed with Outrigger",63.99,25,1599.75
S24_2000,"1960 BSA Gold Star DBD34",63.98,47,3007.06
S32_4289,"1928 Ford Phaeton Deluxe",63.97,64,4094.08
S18_1889,"1948 Porsche 356-A Roadster",63.91,49,3131.59
S12_3990,"1970 Plymouth Hemi Cuda",63.84,82,5234.88
S24_3420,"1937 Horch 930V Limousine",63.78,31,1977.18
S24_4278,"1900s Vintage Tri-Plane",63.76,40,2550.40
S24_2841,"1900s Vintage Bi-Plane",63.71,51,3249.21
S700_4002,"American Airlines: MD-11S",63.67,95,6048.65
S700_2610,"The USS Constitution Ship",63.61,46,2926.06
S24_3949,"Corsair F4U ( Bird Cage)",63.46,32,2030.72
S32_3522,"1996 Peterbilt 379 Stake Bed with Outrigger",63.35,76,4814.60
S32_4289,"1928 Ford Phaeton Deluxe",63.29,28,1772.12
S24_2000,"1960 BSA Gold Star DBD34",63.22,62,3919.64
S24_1046,"1970 Chevy Chevelle SS 454",63.20,47,2970.40
S18_1889,"1948 Porsche 356-A Roadster",63.14,96,6061.44
S24_3420,"1937 Horch 930V Limousine",63.12,20,1262.40
S24_2360,"1982 Ducati 900 Monster",63.03,79,4979.37
S24_4278,"1900s Vintage Tri-Plane",63.03,40,2521.20
S700_4002,"American Airlines: MD-11S",62.93,39,2454.27
S700_2610,"The USS Constitution Ship",62.88,22,1383.36
S18_4933,"1957 Ford Thunderbird",62.72,55,3449.60
S32_3522,"1996 Peterbilt 379 Stake Bed with Outrigger",62.70,51,3197.70
S32_4289,"1928 Ford Phaeton Deluxe",62.60,112,7011.20
S24_1046,"1970 Chevy Chevelle SS 454",62.47,22,1374.34
S24_2000,"1960 BSA Gold Star DBD34",62.46,115,7182.90
S24_3420,"1937 Horch 930V Limousine",62.46,34,2123.64
S18_1889,"1948 Porsche 356-A Roadster",62.37,43,2681.91
S24_2841,"1900s Vintage Bi-Plane",62.34,23,1433.82
S24_2360,"1982 Ducati 900 Monster",62.33,47,2929.51
S700_4002,"American Airlines: MD-11S",62.19,93,5783.67
S18_3782,"1957 Vespa GS150",62.17,39,2424.63
S700_2610,"The USS Constitution Ship",62.16,139,8640.24
S32_3207,"1950's Chicago Surface Lines Streetcar",62.14,44,2734.16
S24_3949,"Corsair F4U ( Bird Cage)",62.10,67,4160.70
S32_3522,"1996 Peterbilt 379 Stake Bed with Outrigger",62.05,136,8438.80
S18_4933,"1957 Ford Thunderbird",62.00,42,2604.00
S700_1138,"The Schooner Bluenose",62.00,172,10664.00
S18_2957,"1934 Ford V8 Coupe",61.84,81,5009.04
S24_3420,"1937 Horch 930V Limousine",61.81,27,1668.87
S24_1046,"1970 Chevy Chevelle SS 454",61.73,64,3950.72
S24_2000,"1960 BSA Gold Star DBD34",61.70,245,15116.50
S24_2360,"1982 Ducati 900 Monster",61.64,83,5116.12
S18_1889,"1948 Porsche 356-A Roadster",61.60,97,5975.20
S24_4278,"1900s Vintage Tri-Plane",61.58,46,2832.68
S32_3207,"1950's Chicago Surface Lines Streetcar",61.52,27,1661.04
S700_2610,"The USS Constitution Ship",61.44,70,4300.80
S700_4002,"American Airlines: MD-11S",61.44,47,2887.68
S24_3949,"Corsair F4U ( Bird Cage)",61.42,66,4053.72
S32_3522,"1996 Peterbilt 379 Stake Bed with Outrigger",61.41,39,2394.99
S700_1138,"The Schooner Bluenose",61.34,50,3067.00
S18_4933,"1957 Ford Thunderbird",61.29,44,2696.76
S32_4289,"1928 Ford Phaeton Deluxe",61.22,77,4713.94
S18_2957,"1934 Ford V8 Coupe",61.21,37,2264.77
S24_3420,"1937 Horch 930V Limousine",61.15,77,4708.55
S24_1046,"1970 Chevy Chevelle SS 454",61.00,61,3721.00
S24_2841,"1900s Vintage Bi-Plane",60.97,125,7621.25
S24_2360,"1982 Ducati 900 Monster",60.95,35,2133.25
S24_2000,"1960 BSA Gold Star DBD34",60.94,64,3900.16
S18_3782,"1957 Vespa GS150",60.93,43,2619.99
S32_3207,"1950's Chicago Surface Lines Streetcar",60.90,71,4323.90
S18_2432,"1926 Ford Fire Engine",60.77,147,8933.19
S32_3522,"1996 Peterbilt 379 Stake Bed with Outrigger",60.76,75,4557.00
S700_2610,"The USS Constitution Ship",60.72,31,1882.32
S700_4002,"American Airlines: MD-11S",60.70,42,2549.40
S700_1138,"The Schooner Bluenose",60.67,80,4853.60
S24_3371,"1971 Alpine Renault 1600s",60.62,70,4243.40
S18_2957,"1934 Ford V8 Coupe",60.59,34,2060.06
S18_2625,"1936 Harley Davidson El Knucklehead",60.57,32,1938.24
S18_2248,"1911 Ford Town Car",60.54,73,4419.42
S32_4289,"1928 Ford Phaeton Deluxe",60.54,72,4358.88
S18_3782,"1957 Vespa GS150",60.30,152,9165.60
S24_2841,"1900s Vintage Bi-Plane",60.29,50,3014.50
S32_3207,"1950's Chicago Surface Lines Streetcar",60.28,73,4400.44
S24_1046,"1970 Chevy Chevelle SS 454",60.26,60,3615.60
S24_2360,"1982 Ducati 900 Monster",60.26,57,3434.82
S18_2432,"1926 Ford Fire Engine",60.16,22,1323.52
S24_4278,"1900s Vintage Tri-Plane",60.13,43,2585.59
S24_3371,"1971 Alpine Renault 1600s",60.01,78,4680.78
S700_1138,"The Schooner Bluenose",60.00,23,1380.00
S18_2957,"1934 Ford V8 Coupe",59.96,48,2878.08
S700_4002,"American Airlines: MD-11S",59.96,31,1858.76
S18_2248,"1911 Ford Town Car",59.93,28,1678.04
S18_4933,"1957 Ford Thunderbird",59.87,30,1796.10
S32_4289,"1928 Ford Phaeton Deluxe",59.85,44,2633.40
S24_3420,"1937 Horch 930V Limousine",59.83,111,6641.13
S32_3207,"1950's Chicago Surface Lines Streetcar",59.65,31,1849.15
S24_2360,"1982 Ducati 900 Monster",59.56,24,1429.44
S18_2432,"1926 Ford Fire Engine",59.55,96,5716.80
S24_1046,"1970 Chevy Chevelle SS 454",59.53,45,2678.85
S32_3522,"1996 Peterbilt 379 Stake Bed with Outrigger",59.47,36,2140.92
S24_4278,"1900s Vintage Tri-Plane",59.41,24,1425.84
S24_3949,"Corsair F4U ( Bird Cage)",59.37,64,3799.68
S18_2957,"1934 Ford V8 Coupe",59.34,98,5815.32
S18_2248,"1911 Ford Town Car",59.33,23,1364.59
S700_2610,"The USS Constitution Ship",59.27,36,2133.72
S700_4002,"American Airlines: MD-11S",59.22,44,2605.68
S24_3420,"1937 Horch 930V Limousine",59.18,38,2248.84
S32_4289,"1928 Ford Phaeton Deluxe",59.16,24,1419.84
S18_3782,"1957 Vespa GS150",59.06,127,7500.62
S32_3207,"1950's Chicago Surface Lines Streetcar",59.03,158,9326.74
S18_2432,"1926 Ford Fire Engine",58.95,82,4833.90
S24_2841,"1900s Vintage Bi-Plane",58.92,38,2238.96
S24_2360,"1982 Ducati 900 Monster",58.87,75,4415.25
S32_3522,"1996 Peterbilt 379 Stake Bed with Outrigger",58.82,23,1352.86
S18_2625,"1936 Harley Davidson El Knucklehead",58.75,64,3760.00
S24_3949,"Corsair F4U ( Bird Cage)",58.69,92,5399.48
S700_1138,"The Schooner Bluenose",58.67,86,5045.62
S700_2610,"The USS Constitution Ship",58.55,44,2576.20
S32_4289,"1928 Ford Phaeton Deluxe",58.47,63,3683.61
S18_3782,"1957 Vespa GS150",58.44,48,2805.12
S18_4933,"1957 Ford Thunderbird",58.44,64,3740.16
S32_3207,"1950's Chicago Surface Lines Streetcar",58.41,75,4380.75
S18_2432,"1926 Ford Fire Engine",58.34,96,5600.64
S24_2841,"1900s Vintage Bi-Plane",58.23,25,1455.75
S24_2360,"1982 Ducati 900 Monster",58.18,32,1861.76
S24_3371,"1971 Alpine Renault 1600s",58.17,40,2326.80
S18_2625,"1936 Harley Davidson El Knucklehead",58.15,99,5756.85
S18_2248,"1911 Ford Town Car",58.12,84,4882.08
S24_3949,"Corsair F4U ( Bird Cage)",58.00,84,4872.00
S700_1138,"The Schooner Bluenose",58.00,87,5046.00
S50_1514,"1962 City of Detroit Streetcar",57.99,75,4349.25
S24_3420,"1937 Horch 930V Limousine",57.86,29,1677.94
S18_3782,"1957 Vespa GS150",57.82,26,1503.32
S700_2610,"The USS Constitution Ship",57.82,42,2428.44
S24_1444,"1970 Dodge Coronet",57.80,49,2832.20
S32_4289,"1928 Ford Phaeton Deluxe",57.78,31,1791.18
S18_2432,"1926 Ford Fire Engine",57.73,74,4272.02
S18_2625,"1936 Harley Davidson El Knucklehead",57.54,46,2646.84
S32_3522,"1996 Peterbilt 379 Stake Bed with Outrigger",57.53,97,5580.41
S24_2360,"1982 Ducati 900 Monster",57.49,27,1552.23
S18_2957,"1934 Ford V8 Coupe",57.46,77,4424.42
S50_1514,"1962 City of Detroit Streetcar",57.41,43,2468.63
S700_1138,"The Schooner Bluenose",57.34,25,1433.50
S24_3949,"Corsair F4U ( Bird Cage)",57.32,72,4127.04
S24_1444,"1970 Dodge Coronet",57.22,31,1773.82
S18_3782,"1957 Vespa GS150",57.20,38,2173.60
S32_3207,"1950's Chicago Surface Lines Streetcar",57.17,33,1886.61
S18_2432,"1926 Ford Fire Engine",57.12,35,1999.20
S32_4289,"1928 Ford Phaeton Deluxe",57.10,63,3597.30
S18_4933,"1957 Ford Thunderbird",57.02,23,1311.46
S24_3371,"1971 Alpine Renault 1600s",56.94,34,1935.96
S18_2248,"1911 Ford Town Car",56.91,46,2617.86
S24_2841,"1900s Vintage Bi-Plane",56.86,111,6311.46
S18_2957,"1934 Ford V8 Coupe",56.84,28,1591.52
S50_1514,"1962 City of Detroit Streetcar",56.82,144,8182.08
S700_1138,"The Schooner Bluenose",56.67,38,2153.46
S24_1444,"1970 Dodge Coronet",56.64,47,2662.08
S24_3949,"Corsair F4U ( Bird Cage)",56.64,70,3964.80
S18_3782,"1957 Vespa GS150",56.57,33,1866.81
S24_3420,"1937 Horch 930V Limousine",56.55,90,5089.50
S32_3207,"1950's Chicago Surface Lines Streetcar",56.55,118,6672.90
S18_2432,"1926 Ford Fire Engine",56.52,29,1639.08
S32_4289,"1928 Ford Phaeton Deluxe",56.41,97,5471.77
S24_3371,"1971 Alpine Renault 1600s",56.33,47,2647.51
S32_3522,"1996 Peterbilt 379 Stake Bed with Outrigger",56.24,68,3824.32
S50_1514,"1962 City of Detroit Streetcar",56.24,144,8098.56
S18_2957,"1934 Ford V8 Coupe",56.21,129,7251.09
S24_2360,"1982 Ducati 900 Monster",56.10,203,11388.30
S24_1444,"1970 Dodge Coronet",56.07,44,2467.08
S700_1138,"The Schooner Bluenose",56.00,46,2576.00
S24_3949,"Corsair F4U ( Bird Cage)",55.96,197,11024.12
S32_3207,"1950's Chicago Surface Lines Streetcar",55.93,74,4138.82
S24_3420,"1937 Horch 930V Limousine",55.89,31,1732.59
S18_2625,"1936 Harley Davidson El Knucklehead",55.72,38,2117.36
S18_2248,"1911 Ford Town Car",55.70,33,1838.10
S50_1514,"1962 City of Detroit Streetcar",55.65,67,3728.55
S32_3522,"1996 Peterbilt 379 Stake Bed with Outrigger",55.59,34,1890.06
S24_1444,"1970 Dodge Coronet",55.49,27,1498.23
S24_2841,"1900s Vintage Bi-Plane",55.49,73,4050.77
S700_1138,"The Schooner Bluenose",55.34,41,2268.94
S18_3782,"1957 Vespa GS150",55.33,66,3651.78
S32_3207,"1950's Chicago Surface Lines Streetcar",55.30,144,7963.20
S24_3949,"Corsair F4U ( Bird Cage)",55.27,81,4476.87
S24_3420,"1937 Horch 930V Limousine",55.23,47,2595.81
S24_3371,"1971 Alpine Renault 1600s",55.11,25,1377.75
S18_2248,"1911 Ford Town Car",55.09,112,6170.08
S18_2957,"1934 Ford V8 Coupe",54.96,24,1319.04
S32_3522,"1996 Peterbilt 379 Stake Bed with Outrigger",54.94,124,6812.56
S24_2841,"1900s Vintage Bi-Plane",54.81,41,2247.21
S18_3782,"1957 Vespa GS150",54.71,98,5361.58
S72_3212,"Pont Yacht",54.60,47,2566.20
S24_3949,"Corsair F4U ( Bird Cage)",54.59,50,2729.50
S24_3420,"1937 Horch 930V Limousine",54.57,35,1909.95
S18_2248,"1911 Ford Town Car",54.49,38,2070.62
S24_3371,"1971 Alpine Renault 1600s",54.49,23,1253.27
S50_1514,"1962 City of Detroit Streetcar",54.48,21,1144.08
S18_2957,"1934 Ford V8 Coupe",54.34,143,7770.62
S24_1444,"1970 Dodge Coronet",54.33,44,2390.52
S32_2509,"1954 Greyhound Scenicruiser",54.11,50,2705.50
S18_3782,"1957 Vespa GS150",54.09,36,1947.24
S72_3212,"Pont Yacht",54.05,31,1675.55
S700_1138,"The Schooner Bluenose",54.00,41,2214.00
S24_3420,"1937 Horch 930V Limousine",53.92,84,4529.28
S18_1367,"1936 Mercedes-Benz 500K Special Roadster",53.91,33,1779.03
S18_2625,"1936 Harley Davidson El Knucklehead",53.91,23,1239.93
S50_1514,"1962 City of Detroit Streetcar",53.89,43,2317.27
S18_2248,"1911 Ford Town Car",53.88,38,2047.44
S24_3371,"1971 Alpine Renault 1600s",53.88,47,2532.36
S24_1444,"1970 Dodge Coronet",53.75,80,4300.00
S32_2509,"1954 Greyhound Scenicruiser",53.57,32,1714.24
S72_3212,"Pont Yacht",53.51,23,1230.73
S18_2432,"1926 Ford Fire Engine",53.48,73,3904.04
S32_3207,"1950's Chicago Surface Lines Streetcar",53.44,30,1603.20
S700_1138,"The Schooner Bluenose",53.34,22,1173.48
S50_1514,"1962 City of Detroit Streetcar",53.31,114,6077.34
S18_2248,"1911 Ford Town Car",53.28,73,3889.44
S24_3371,"1971 Alpine Renault 1600s",53.27,131,6978.37
S24_1444,"1970 Dodge Coronet",53.18,31,1648.58
S18_2957,"1934 Ford V8 Coupe",53.09,78,4141.02
S32_2509,"1954 Greyhound Scenicruiser",53.03,24,1272.72
S32_3522,"1996 Peterbilt 379 Stake Bed with Outrigger",53.00,32,1696.00
S72_3212,"Pont Yacht",52.96,74,3919.04
S18_2432,"1926 Ford Fire Engine",52.87,68,3595.16
S18_3782,"1957 Vespa GS150",52.84,81,4280.04
S18_1367,"1936 Mercedes-Benz 500K Special Roadster",52.83,78,4120.74
S18_2625,"1936 Harley Davidson El Knucklehead",52.70,82,4321.40
S24_3371,"1971 Alpine Renault 1600s",52.66,149,7846.34
S24_1444,"1970 Dodge Coronet",52.60,22,1157.20
S24_3420,"1937 Horch 930V Limousine",52.60,29,1525.40
S32_2509,"1954 Greyhound Scenicruiser",52.49,33,1732.17
S18_2957,"1934 Ford V8 Coupe",52.47,20,1049.40
S72_3212,"Pont Yacht",52.42,93,4875.06
S32_3522,"1996 Peterbilt 379 Stake Bed with Outrigger",52.36,136,7120.96
S18_2432,"1926 Ford Fire Engine",52.26,26,1358.76
S18_3782,"1957 Vespa GS150",52.22,32,1671.04
S50_1514,"1962 City of Detroit Streetcar",52.14,38,1981.32
S18_2625,"1936 Harley Davidson El Knucklehead",52.09,108,5625.72
S18_2248,"1911 Ford Town Car",52.06,36,1874.16
S24_3371,"1971 Alpine Renault 1600s",52.05,79,4111.95
S24_1444,"1970 Dodge Coronet",52.02,35,1820.70
S32_2509,"1954 Greyhound Scenicruiser",51.95,129,6701.55
S72_3212,"Pont Yacht",51.87,50,2593.50
S18_2957,"1934 Ford V8 Coupe",51.84,56,2903.04
S18_1367,"1936 Mercedes-Benz 500K Special Roadster",51.75,48,2484.00
S32_3522,"1996 Peterbilt 379 Stake Bed with Outrigger",51.71,36,1861.56
S18_3782,"1957 Vespa GS150",51.60,38,1960.80
S32_3207,"1950's Chicago Surface Lines Streetcar",51.58,36,1856.88
S50_1514,"1962 City of Detroit Streetcar",51.55,83,4278.65
S18_2625,"1936 Harley Davidson El Knucklehead",51.48,142,7310.16
S18_2248,"1911 Ford Town Car",51.46,54,2778.84
S24_1444,"1970 Dodge Coronet",51.44,44,2263.36
S24_3371,"1971 Alpine Renault 1600s",51.43,70,3600.10
S72_3212,"Pont Yacht",51.32,109,5593.88
S18_2957,"1934 Ford V8 Coupe",51.22,79,4046.38
S18_1367,"1936 Mercedes-Benz 500K Special Roadster",51.21,113,5786.73
S18_2432,"1926 Ford Fire Engine",51.05,184,9393.20
S18_2625,"1936 Harley Davidson El Knucklehead",50.88,20,1017.60
S24_1444,"1970 Dodge Coronet",50.86,40,2034.40
S32_2509,"1954 Greyhound Scenicruiser",50.86,117,5950.62
S18_2248,"1911 Ford Town Car",50.85,51,2593.35
S24_3371,"1971 Alpine Renault 1600s",50.82,58,2947.56
S50_1514,"1962 City of Detroit Streetcar",50.38,38,1914.44
S18_3782,"1957 Vespa GS150",50.36,31,1561.16
S32_2509,"1954 Greyhound Scenicruiser",50.32,11,553.52
S24_1628,"1966 Shelby Cobra 427 S/C",50.31,38,1911.78
S24_1444,"1970 Dodge Coronet",50.29,48,2413.92
S18_2625,"1936 Harley Davidson El Knucklehead",50.27,34,1709.18
S18_2248,"1911 Ford Town Car",50.25,73,3668.25
S24_3371,"1971 Alpine Renault 1600s",50.21,38,1907.98
S18_1367,"1936 Mercedes-Benz 500K Special Roadster",50.14,31,1554.34
S18_2957,"1934 Ford V8 Coupe",49.97,53,2648.41
S18_2432,"1926 Ford Fire Engine",49.83,47,2342.01
S18_4668,"1939 Cadillac Limousine",49.81,59,2938.79
S50_1514,"1962 City of Detroit Streetcar",49.79,35,1742.65
S32_2509,"1954 Greyhound Scenicruiser",49.78,63,3136.14
S18_3782,"1957 Vespa GS150",49.74,71,3531.54
S24_1444,"1970 Dodge Coronet",49.71,144,7158.24
S32_3207,"1950's Chicago Surface Lines Streetcar",49.71,20,994.20
S18_2625,"1936 Harley Davidson El Knucklehead",49.67,42,2086.14
S72_1253,"Boeing X-32A JSF",49.66,96,4767.36
S18_1367,"1936 Mercedes-Benz 500K Special Roadster",49.60,25,1240.00
S24_3371,"1971 Alpine Renault 1600s",49.60,50,2480.00
S24_1628,"1966 Shelby Cobra 427 S/C",49.30,97,4782.10
S50_1514,"1962 City of Detroit Streetcar",49.21,38,1869.98
S72_1253,"Boeing X-32A JSF",49.16,66,3244.56
S72_3212,"Pont Yacht",49.14,75,3685.50
S24_1444,"1970 Dodge Coronet",49.13,25,1228.25
S18_2625,"1936 Harley Davidson El Knucklehead",49.06,74,3630.44
S18_2248,"1911 Ford Town Car",49.04,40,1961.60
S24_3371,"1971 Alpine Renault 1600s",48.98,30,1469.40
S18_4668,"1939 Cadillac Limousine",48.80,45,2196.00
S24_1628,"1966 Shelby Cobra 427 S/C",48.80,149,7271.20
S32_2509,"1954 Greyhound Scenicruiser",48.70,78,3798.60
S18_2432,"1926 Ford Fire Engine",48.62,19,923.78
S50_1514,"1962 City of Detroit Streetcar",48.62,38,1847.56
S72_3212,"Pont Yacht",48.59,102,4956.18
S24_1444,"1970 Dodge Coronet",48.55,111,5389.05
S18_1367,"1936 Mercedes-Benz 500K Special Roadster",48.52,98,4754.96
S18_2625,"1936 Harley Davidson El Knucklehead",48.46,141,6832.86
S18_2248,"1911 Ford Town Car",48.43,30,1452.90
S72_3212,"Pont Yacht",48.05,163,7832.15
S18_4668,"1939 Cadillac Limousine",47.79,41,1959.39
S24_1628,"1966 Shelby Cobra 427 S/C",47.79,36,1720.44
S72_1253,"Boeing X-32A JSF",47.67,73,3479.91
S32_2509,"1954 Greyhound Scenicruiser",47.62,35,1666.70
S72_3212,"Pont Yacht",47.50,28,1330.00
S50_1514,"1962 City of Detroit Streetcar",47.45,25,1186.25
S18_1367,"1936 Mercedes-Benz 500K Special Roadster",47.44,94,4459.36
S24_1444,"1970 Dodge Coronet",47.40,57,2701.80
S18_4668,"1939 Cadillac Limousine",47.29,73,3452.17
S24_1628,"1966 Shelby Cobra 427 S/C",47.29,64,3026.56
S32_2509,"1954 Greyhound Scenicruiser",47.08,36,1694.88
S72_3212,"Pont Yacht",46.96,39,1831.44
S18_1367,"1936 Mercedes-Benz 500K Special Roadster",46.90,37,1735.30
S50_1514,"1962 City of Detroit Streetcar",46.86,20,937.20
S24_1444,"1970 Dodge Coronet",46.82,53,2481.46
S24_1628,"1966 Shelby Cobra 427 S/C",46.79,45,2105.55
S72_1253,"Boeing X-32A JSF",46.68,21,980.28
S32_2509,"1954 Greyhound Scenicruiser",46.53,45,2093.85
S18_1367,"1936 Mercedes-Benz 500K Special Roadster",46.36,99,4589.64
S18_4668,"1939 Cadillac Limousine",46.29,94,4351.26
S24_1628,"1966 Shelby Cobra 427 S/C",46.29,47,2175.63
S24_1444,"1970 Dodge Coronet",46.24,44,2034.56
S72_1253,"Boeing X-32A JSF",46.18,49,2262.82
S32_2509,"1954 Greyhound Scenicruiser",45.99,40,1839.60
S18_1367,"1936 Mercedes-Benz 500K Special Roadster",45.82,74,3390.68
S18_4668,"1939 Cadillac Limousine",45.78,21,961.38
S24_1628,"1966 Shelby Cobra 427 S/C",45.78,64,2929.92
S72_1253,"Boeing X-32A JSF",45.69,40,1827.60
S32_2509,"1954 Greyhound Scenicruiser",45.45,71,3226.95
S18_1367,"1936 Mercedes-Benz 500K Special Roadster",45.28,45,2037.60
S18_4668,"1939 Cadillac Limousine",45.28,29,1313.12
S24_1628,"1966 Shelby Cobra 427 S/C",45.28,34,1539.52
S72_1253,"Boeing X-32A JSF",45.19,31,1400.89
S32_2509,"1954 Greyhound Scenicruiser",44.91,31,1392.21
S24_2022,"1938 Cadillac V-16 Presidential Limousine",44.80,60,2688.00
S24_1628,"1966 Shelby Cobra 427 S/C",44.78,27,1209.06
S72_3212,"Pont Yacht",44.77,25,1119.25
S18_1367,"1936 Mercedes-Benz 500K Special Roadster",44.75,46,2058.50
S32_2509,"1954 Greyhound Scenicruiser",44.37,91,4037.67
S24_2022,"1938 Cadillac V-16 Presidential Limousine",44.35,46,2040.10
S18_4668,"1939 Cadillac Limousine",44.27,122,5400.94
S72_3212,"Pont Yacht",44.23,32,1415.36
S18_1367,"1936 Mercedes-Benz 500K Special Roadster",44.21,73,3227.33
S72_1253,"Boeing X-32A JSF",44.20,107,4729.40
S32_2509,"1954 Greyhound Scenicruiser",43.83,28,1227.24
S18_4668,"1939 Cadillac Limousine",43.77,68,2976.36
S72_1253,"Boeing X-32A JSF",43.70,82,3583.40
S72_3212,"Pont Yacht",43.68,67,2926.56
S18_1367,"1936 Mercedes-Benz 500K Special Roadster",43.67,25,1091.75
S50_1341,"1930 Buick Marquette Phaeton",43.64,20,872.80
S24_2022,"1938 Cadillac V-16 Presidential Limousine",43.46,23,999.58
S32_2509,"1954 Greyhound Scenicruiser",43.29,41,1774.89
S18_4668,"1939 Cadillac Limousine",43.27,50,2163.50
S24_1628,"1966 Shelby Cobra 427 S/C",43.27,190,8221.30
S50_1341,"1930 Buick Marquette Phaeton",43.20,77,3326.40
S72_1253,"Boeing X-32A JSF",43.20,42,1814.40
S18_1367,"1936 Mercedes-Benz 500K Special Roadster",43.13,41,1768.33
S24_2022,"1938 Cadillac V-16 Presidential Limousine",43.01,54,2322.54
S18_4668,"1939 Cadillac Limousine",42.76,90,3848.40
S24_1628,"1966 Shelby Cobra 427 S/C",42.76,48,2052.48
S72_1253,"Boeing X-32A JSF",42.71,68,2904.28
S24_2022,"1938 Cadillac V-16 Presidential Limousine",42.56,31,1319.36
S50_1341,"1930 Buick Marquette Phaeton",42.33,34,1439.22
S18_4668,"1939 Cadillac Limousine",42.26,64,2704.64
S24_2022,"1938 Cadillac V-16 Presidential Limousine",42.11,109,4589.99
S18_4668,"1939 Cadillac Limousine",41.76,64,2672.64
S72_1253,"Boeing X-32A JSF",41.71,86,3587.06
S50_1341,"1930 Buick Marquette Phaeton",41.46,105,4353.30
S18_4668,"1939 Cadillac Limousine",41.25,35,1443.75
S24_2022,"1938 Cadillac V-16 Presidential Limousine",41.22,45,1854.90
S72_1253,"Boeing X-32A JSF",41.22,121,4987.62
S24_3969,"1936 Mercedes Benz 500k Roadster",41.03,15,615.45
S50_1341,"1930 Buick Marquette Phaeton",41.02,94,3855.88
S24_2022,"1938 Cadillac V-16 Presidential Limousine",40.77,69,2813.13
S18_4668,"1939 Cadillac Limousine",40.75,41,1670.75
S24_1628,"1966 Shelby Cobra 427 S/C",40.75,22,896.50
S18_4668,"1939 Cadillac Limousine",40.25,99,3984.75
S24_1628,"1966 Shelby Cobra 427 S/C",40.25,54,2173.50
S72_1253,"Boeing X-32A JSF",40.22,49,1970.78
S24_3969,"1936 Mercedes Benz 500k Roadster",40.21,31,1246.51
S50_1341,"1930 Buick Marquette Phaeton",40.15,38,1525.70
S24_2022,"1938 Cadillac V-16 Presidential Limousine",39.87,129,5143.23
S32_2206,"1982 Ducati 996 R",39.83,41,1633.03
S24_3969,"1936 Mercedes Benz 500k Roadster",39.80,20,796.00
S72_1253,"Boeing X-32A JSF",39.73,29,1152.17
S50_1341,"1930 Buick Marquette Phaeton",39.71,126,5003.46
S32_2206,"1982 Ducati 996 R",39.43,66,2602.38
S24_2022,"1938 Cadillac V-16 Presidential Limousine",39.42,51,2010.42
S32_2206,"1982 Ducati 996 R",39.02,61,2380.22
S24_2022,"1938 Cadillac V-16 Presidential Limousine",38.98,86,3352.28
S50_1341,"1930 Buick Marquette Phaeton",38.84,49,1903.16
S32_2206,"1982 Ducati 996 R",38.62,115,4441.30
S24_3969,"1936 Mercedes Benz 500k Roadster",38.57,92,3548.44
S24_2022,"1938 Cadillac V-16 Presidential Limousine",38.53,33,1271.49
S32_2206,"1982 Ducati 996 R",38.22,48,1834.56
S24_3969,"1936 Mercedes Benz 500k Roadster",38.16,22,839.52
S50_1341,"1930 Buick Marquette Phaeton",37.97,29,1101.13
S24_3969,"1936 Mercedes Benz 500k Roadster",37.75,63,2378.25
S24_2022,"1938 Cadillac V-16 Presidential Limousine",37.63,64,2408.32
S32_2206,"1982 Ducati 996 R",37.41,29,1084.89
S24_2972,"1982 Lamborghini Diablo",37.38,148,5532.24
S50_1341,"1930 Buick Marquette Phaeton",37.09,155,5748.95
S32_2206,"1982 Ducati 996 R",37.01,69,2553.69
S24_2972,"1982 Lamborghini Diablo",37.00,27,999.00
S24_2022,"1938 Cadillac V-16 Presidential Limousine",36.74,24,881.76
S50_1341,"1930 Buick Marquette Phaeton",36.66,70,2566.20
S32_2206,"1982 Ducati 996 R",36.61,80,2928.80
S24_3969,"1936 Mercedes Benz 500k Roadster",36.52,92,3359.84
S24_2022,"1938 Cadillac V-16 Presidential Limousine",36.29,131,4753.99
S24_2972,"1982 Lamborghini Diablo",36.25,36,1305.00
S50_1341,"1930 Buick Marquette Phaeton",36.22,49,1774.78
S32_2206,"1982 Ducati 996 R",36.21,87,3150.27
S24_3969,"1936 Mercedes Benz 500k Roadster",36.11,46,1661.06
S24_2972,"1982 Lamborghini Diablo",35.87,37,1327.19
S32_2206,"1982 Ducati 996 R",35.80,70,2506.00
S50_1341,"1930 Buick Marquette Phaeton",35.78,194,6941.32
S24_3969,"1936 Mercedes Benz 500k Roadster",35.70,59,2106.30
S32_2206,"1982 Ducati 996 R",35.40,27,955.80
S24_2840,"1958 Chevy Corvette Limited Edition",35.36,46,1626.56
S24_3969,"1936 Mercedes Benz 500k Roadster",35.29,145,5117.05
S24_2972,"1982 Lamborghini Diablo",35.12,34,1194.08
S24_2840,"1958 Chevy Corvette Limited Edition",35.01,45,1575.45
S32_2206,"1982 Ducati 996 R",35.00,55,1925.00
S50_1341,"1930 Buick Marquette Phaeton",34.91,34,1186.94
S24_3969,"1936 Mercedes Benz 500k Roadster",34.88,89,3104.32
S24_2972,"1982 Lamborghini Diablo",34.74,157,5454.18
S24_2840,"1958 Chevy Corvette Limited Edition",34.65,82,2841.30
S24_3969,"1936 Mercedes Benz 500k Roadster",34.47,41,1413.27
S24_2972,"1982 Lamborghini Diablo",34.36,20,687.20
S24_2840,"1958 Chevy Corvette Limited Edition",34.30,78,2675.40
S24_2840,"1958 Chevy Corvette Limited Edition",33.95,20,679.00
S32_2206,"1982 Ducati 996 R",33.79,31,1047.49
S24_2840,"1958 Chevy Corvette Limited Edition",33.59,36,1209.24
S32_2206,"1982 Ducati 996 R",33.39,89,2971.71
S24_2840,"1958 Chevy Corvette Limited Edition",33.24,40,1329.60
S24_2972,"1982 Lamborghini Diablo",33.23,109,3622.07
S24_1937,"1939 Chevrolet Deluxe Coupe",33.19,22,730.18
S32_2206,"1982 Ducati 996 R",32.99,38,1253.62
S24_2840,"1958 Chevy Corvette Limited Edition",32.88,63,2071.44
S24_2972,"1982 Lamborghini Diablo",32.85,37,1215.45
S24_3969,"1936 Mercedes Benz 500k Roadster",32.82,109,3577.38
S24_1937,"1939 Chevrolet Deluxe Coupe",32.53,45,1463.85
S24_2972,"1982 Lamborghini Diablo",32.47,20,649.40
S24_1937,"1939 Chevrolet Deluxe Coupe",32.19,120,3862.80
S24_2840,"1958 Chevy Corvette Limited Edition",32.18,58,1866.44
S24_2972,"1982 Lamborghini Diablo",32.10,92,2953.20
S24_1937,"1939 Chevrolet Deluxe Coupe",31.86,120,3823.20
S24_2840,"1958 Chevy Corvette Limited Edition",31.82,102,3245.64
S24_2972,"1982 Lamborghini Diablo",31.72,37,1173.64
S24_2840,"1958 Chevy Corvette Limited Edition",31.47,67,2108.49
S24_2972,"1982 Lamborghini Diablo",31.34,36,1128.24
S24_1937,"1939 Chevrolet Deluxe Coupe",31.20,36,1123.20
S24_2840,"1958 Chevy Corvette Limited Edition",31.12,48,1493.76
S24_1937,"1939 Chevrolet Deluxe Coupe",30.87,33,1018.71
S24_2840,"1958 Chevy Corvette Limited Edition",30.76,90,2768.40
S24_2972,"1982 Lamborghini Diablo",30.59,122,3731.98
S24_1937,"1939 Chevrolet Deluxe Coupe",30.53,45,1373.85
S24_2840,"1958 Chevy Corvette Limited Edition",30.41,44,1338.04
S24_2840,"1958 Chevy Corvette Limited Edition",30.06,42,1262.52
S24_1937,"1939 Chevrolet Deluxe Coupe",29.87,128,3823.36
S24_1937,"1939 Chevrolet Deluxe Coupe",29.54,23,679.42
S24_2840,"1958 Chevy Corvette Limited Edition",29.35,60,1761.00
S24_1937,"1939 Chevrolet Deluxe Coupe",29.21,23,671.83
S24_1937,"1939 Chevrolet Deluxe Coupe",28.88,58,1675.04
S24_2840,"1958 Chevy Corvette Limited Edition",28.64,62,1775.68
S24_1937,"1939 Chevrolet Deluxe Coupe",27.88,152,4237.76
S24_1937,"1939 Chevrolet Deluxe Coupe",27.55,37,1019.35
S24_1937,"1939 Chevrolet Deluxe Coupe",27.22,42,1143.24
S24_1937,"1939 Chevrolet Deluxe Coupe",26.55,53,1407.15
